plk-invoice-number,xyz-branch,city-ghh-998,type-usr-search,gender,category-catalog-dsp,cost of goods sold,sale,dateddmmyyy,time,payment-type-full,review
750-67-8428,A,Nueva York,Member,Female,Health and beauty,522.83,548.9715,01/05/2019,13:08,Ewallet,9.1
226-31-3081,C,Houston,Normal,Female,Electronic accessories,76.4,80.22,03/08/2019,10:29,Cash,9.6
631-41-3108,A,Nueva York,Normal,Male,Home and lifestyle,324.31,340.5255,03/03/2019,13:23,Credit card,7.4
123-19-1176,A,Nueva York,Member,Male,Health and beauty,465.76,489.048,1/27/2019,20:33,Ewallet,8.4
373-73-7910,A,Nueva York,Normal,Male,Sports and travel,604.17,634.3785,02/08/2019,10:37,Ewallet,5.3
699-14-3026,C,Houston,Normal,Male,Electronic accessories,597.73,627.6165,3/25/2019,18:30,Ewallet,4.1
355-53-5943,A,Nueva York,Member,Female,Electronic accessories,413.04,433.692,2/25/2019,14:36,Ewallet,5.8
315-22-5665,C,Houston,Normal,Female,Home and lifestyle,735.6,772.38,2/24/2019,11:38,Ewallet,8
665-32-9167,A,Nueva York,Member,Female,Health and beauty,72.52,76.146,01/10/2019,17:15,Credit card,7.2
692-92-5582,B,Chicago,Member,Female,Food and beverages,164.52,172.746,2/20/2019,13:27,Credit card,5.9
351-62-0822,B,Chicago,Member,Female,Fashion accessories,57.92,60.816,02/06/2019,18:07,Ewallet,4.5
529-56-3974,B,Chicago,Member,Male,Electronic accessories,102.04,107.142,03/09/2019,17:03,Cash,6.8
365-64-0515,A,Nueva York,Normal,Female,Electronic accessories,234.75,246.4875,02/12/2019,10:25,Ewallet,7.1
252-56-2699,A,Nueva York,Normal,Male,Food and beverages,431.9,453.495,02/07/2019,16:48,Ewallet,8.2
829-34-3910,A,Nueva York,Normal,Female,Health and beauty,713.8,749.49,3/29/2019,19:21,Cash,5.7
299-46-1805,B,Chicago,Member,Female,Sports and travel,562.32,590.436,1/15/2019,16:19,Cash,4.5
656-95-9349,A,Nueva York,Member,Female,Health and beauty,482.51,506.6355,03/11/2019,11:03,Credit card,4.6
765-26-6951,A,Nueva York,Normal,Male,Sports and travel,435.66,457.443,01/01/2019,10:39,Credit card,6.9
329-62-1586,A,Nueva York,Normal,Male,Food and beverages,164.01,172.2105,1/21/2019,18:00,Credit card,8.6
319-50-3348,B,Chicago,Normal,Female,Home and lifestyle,80.6,84.63,03/11/2019,15:30,Ewallet,4.4
300-71-4605,C,Houston,Member,Male,Electronic accessories,430.2,451.71,2/25/2019,11:24,Ewallet,4.8
371-85-5789,B,Chicago,Normal,Male,Health and beauty,263.94,277.137,03/05/2019,10:40,Ewallet,5.1
273-16-6619,B,Chicago,Normal,Male,Home and lifestyle,66.4,69.72,3/15/2019,12:20,Credit card,4.4
636-48-8204,A,Nueva York,Normal,Male,Electronic accessories,172.8,181.44,2/17/2019,11:15,Ewallet,9.9
549-59-1358,A,Nueva York,Member,Male,Sports and travel,265.89,279.1845,03/02/2019,17:36,Ewallet,6
227-03-5010,A,Nueva York,Member,Female,Home and lifestyle,420.72,441.756,3/22/2019,19:20,Credit card,8.5
649-29-6775,B,Chicago,Normal,Male,Fashion accessories,33.52,35.196,02/08/2019,15:31,Cash,6.7
189-17-4241,A,Nueva York,Normal,Female,Fashion accessories,175.34,184.107,03/10/2019,12:17,Credit card,7.7
145-94-9061,B,Chicago,Normal,Female,Food and beverages,441.8,463.89,1/25/2019,19:48,Cash,9.6
848-62-7243,A,Nueva York,Normal,Male,Health and beauty,224.01,235.2105,3/15/2019,15:36,Cash,7.4
871-79-8483,B,Chicago,Normal,Male,Fashion accessories,470.65,494.1825,2/25/2019,19:39,Credit card,4.8
149-71-6266,B,Chicago,Member,Male,Sports and travel,702.63,737.7615,1/28/2019,12:43,Cash,4.5
640-49-2076,B,Chicago,Normal,Male,Sports and travel,670.24,703.752,01/10/2019,14:49,Cash,5.1
595-11-5460,A,Nueva York,Normal,Male,Health and beauty,193.16,202.818,3/15/2019,10:12,Credit card,5.1
183-56-6882,C,Houston,Member,Female,Food and beverages,397.68,417.564,02/06/2019,10:42,Ewallet,7.5
232-16-2483,C,Houston,Member,Female,Sports and travel,68.12,71.526,01/07/2019,12:28,Ewallet,6.8
129-29-8530,A,Nueva York,Member,Male,Sports and travel,313.1,328.755,03/10/2019,19:15,Ewallet,7
272-65-1806,A,Nueva York,Normal,Female,Electronic accessories,547.92,575.316,1/15/2019,17:17,Ewallet,4.7
333-73-7901,C,Houston,Normal,Female,Health and beauty,439.36,461.328,3/23/2019,13:24,Ewallet,7.6
777-82-7220,B,Chicago,Member,Male,Home and lifestyle,240.96,253.008,03/03/2019,13:01,Cash,7.7
280-35-5823,B,Chicago,Member,Female,Home and lifestyle,86.72,91.056,1/17/2019,18:45,Ewallet,7.9
554-53-8700,C,Houston,Member,Male,Home and lifestyle,112.22,117.831,02/02/2019,10:11,Cash,6.3
354-25-5821,B,Chicago,Member,Female,Sports and travel,414.72,435.456,02/08/2019,13:03,Cash,5.6
228-96-1411,C,Houston,Member,Female,Food and beverages,789.6,829.08,03/04/2019,20:39,Cash,7.6
617-15-4209,C,Houston,Member,Male,Health and beauty,30.74,32.277,3/16/2019,19:47,Cash,7.2
132-32-9879,B,Chicago,Member,Female,Electronic accessories,375.84,394.632,03/09/2019,18:00,Cash,9.5
370-41-7321,B,Chicago,Member,Male,Health and beauty,510.21,535.7205,2/27/2019,17:24,Credit card,8.4
727-46-3608,B,Chicago,Member,Female,Food and beverages,180.09,189.0945,02/06/2019,15:47,Ewallet,4.1
669-54-1719,B,Chicago,Member,Male,Electronic accessories,113.58,119.259,02/10/2019,12:45,Credit card,8.1
574-22-5561,C,Houston,Member,Female,Fashion accessories,826.3,867.615,3/19/2019,17:08,Ewallet,7.9
326-78-5178,C,Houston,Member,Male,Food and beverages,639.8,671.79,02/03/2019,10:19,Cash,9.5
162-48-8011,A,Nueva York,Member,Female,Food and beverages,222.95,234.0975,02/10/2019,15:10,Cash,8.5
616-24-2851,B,Chicago,Member,Female,Fashion accessories,71.48,75.054,3/22/2019,14:42,Ewallet,6.5
778-71-5554,C,Houston,Member,Male,Fashion accessories,15.43,16.2015,1/25/2019,15:46,Credit card,6.1
242-55-6721,B,Chicago,Normal,Male,Home and lifestyle,32.32,33.936,03/07/2019,11:49,Ewallet,6.5
399-46-5918,C,Houston,Normal,Female,Electronic accessories,687.84,722.232,2/28/2019,19:01,Cash,8.2
106-35-6779,A,Nueva York,Member,Male,Home and lifestyle,88.68,93.114,3/27/2019,11:26,Cash,5.8
635-40-6220,A,Nueva York,Normal,Male,Health and beauty,716.8,752.64,02/07/2019,11:28,Ewallet,6.6
817-48-8732,A,Nueva York,Member,Female,Home and lifestyle,723.5,759.675,1/20/2019,15:55,Cash,5.4
120-06-4233,C,Houston,Normal,Male,Electronic accessories,183.66,192.843,03/12/2019,20:36,Cash,9.3
285-68-5083,C,Houston,Member,Female,Sports and travel,74.22,77.931,2/15/2019,17:47,Credit card,10
803-83-5989,C,Houston,Normal,Male,Home and lifestyle,334.38,351.099,2/24/2019,10:55,Ewallet,7
347-34-2234,B,Chicago,Member,Female,Sports and travel,495.63,520.4115,02/03/2019,13:40,Ewallet,10
199-75-8169,A,Nueva York,Member,Male,Sports and travel,158.1,166.005,03/06/2019,12:27,Credit card,8.6
853-23-2453,B,Chicago,Member,Male,Health and beauty,302.96,318.108,2/14/2019,14:35,Cash,7.6
877-22-3308,A,Nueva York,Member,Male,Health and beauty,158.7,166.635,3/13/2019,16:40,Cash,5.8
838-78-4295,C,Houston,Normal,Female,Health and beauty,66.94,70.287,02/10/2019,15:43,Ewallet,6.7
109-28-2512,B,Chicago,Member,Female,Fashion accessories,585.66,614.943,01/07/2019,15:01,Ewallet,9.9
232-11-3025,A,Nueva York,Normal,Male,Sports and travel,787.7,827.085,1/24/2019,10:04,Cash,6.4
382-03-4532,A,Nueva York,Member,Female,Health and beauty,18.33,19.2465,02/02/2019,18:50,Cash,4.3
393-65-2792,C,Houston,Normal,Male,Food and beverages,894.8,939.54,01/06/2019,12:46,Credit card,9.6
796-12-2025,C,Houston,Normal,Male,Fashion accessories,621.2,652.26,02/11/2019,16:19,Cash,5.9
510-95-6347,B,Chicago,Member,Female,Food and beverages,145.56,152.838,03/05/2019,18:17,Ewallet,4
841-35-6630,C,Houston,Normal,Female,Electronic accessories,455.46,478.233,03/09/2019,18:21,Cash,8.7
287-21-9091,A,Nueva York,Normal,Male,Home and lifestyle,672.03,705.6315,1/22/2019,10:55,Ewallet,9.4
732-94-0499,C,Houston,Normal,Female,Electronic accessories,416.5,437.325,1/13/2019,17:04,Credit card,5.4
263-10-3913,C,Houston,Member,Male,Fashion accessories,441.36,463.428,01/09/2019,14:20,Credit card,8.6
381-20-0914,A,Nueva York,Member,Female,Fashion accessories,180.09,189.0945,01/12/2019,15:48,Credit card,5.7
829-49-1914,C,Houston,Member,Female,Food and beverages,783.1,822.255,03/05/2019,16:24,Ewallet,6.6
756-01-7507,C,Houston,Normal,Female,Health and beauty,101.9,106.995,1/22/2019,18:56,Cash,6
870-72-4431,C,Houston,Normal,Female,Health and beauty,595.14,624.897,1/21/2019,14:42,Credit card,5.5
847-38-7188,B,Chicago,Normal,Female,Food and beverages,290.04,304.542,1/26/2019,19:56,Ewallet,6.4
480-63-2856,C,Houston,Normal,Male,Food and beverages,154,161.7,1/23/2019,18:37,Ewallet,6.6
787-56-0757,C,Houston,Member,Female,Food and beverages,321.44,337.512,2/23/2019,18:45,Credit card,8.3
360-39-5055,C,Houston,Member,Male,Sports and travel,244.55,256.7775,03/09/2019,10:17,Cash,6.6
730-50-9884,C,Houston,Normal,Female,Sports and travel,581.42,610.491,03/05/2019,14:31,Ewallet,4
362-58-8315,C,Houston,Normal,Male,Fashion accessories,382.6,401.73,3/25/2019,10:23,Cash,9.9
633-44-8566,A,Nueva York,Member,Male,Food and beverages,345.66,362.943,3/27/2019,20:35,Credit card,7.3
504-35-8843,A,Nueva York,Normal,Male,Sports and travel,42.47,44.5935,01/02/2019,16:57,Cash,5.7
318-68-5053,B,Chicago,Normal,Female,Health and beauty,461.94,485.037,2/27/2019,17:55,Cash,6.1
565-80-5980,C,Houston,Member,Female,Home and lifestyle,189.52,198.996,1/23/2019,10:25,Cash,7.1
225-32-0908,C,Houston,Normal,Female,Sports and travel,448.6,471.03,1/26/2019,19:54,Ewallet,8.2
873-51-0671,A,Nueva York,Member,Female,Sports and travel,153.86,161.553,01/10/2019,16:42,Ewallet,5.1
152-08-9985,B,Chicago,Member,Male,Health and beauty,579.24,608.202,03/12/2019,12:09,Credit card,8.6
512-91-0811,C,Houston,Normal,Male,Health and beauty,89.75,94.2375,02/06/2019,20:05,Credit card,6.6
594-34-4444,A,Nueva York,Normal,Male,Electronic accessories,97.16,102.018,03/08/2019,20:38,Ewallet,7.2
766-85-7061,B,Chicago,Normal,Male,Health and beauty,878.7,922.635,3/29/2019,10:25,Ewallet,5.1
871-39-9221,C,Houston,Normal,Female,Electronic accessories,74.7,78.435,02/09/2019,13:11,Cash,4.1
865-92-6136,A,Nueva York,Normal,Male,Food and beverages,158.25,166.1625,3/23/2019,10:16,Ewallet,9.3
733-01-9107,B,Chicago,Normal,Male,Home and lifestyle,496.2,521.01,03/05/2019,18:14,Cash,7.4
163-56-7055,C,Houston,Member,Male,Fashion accessories,48.71,51.1455,3/26/2019,19:20,Cash,4.1
189-98-2939,C,Houston,Normal,Male,Fashion accessories,706.95,742.2975,03/01/2019,13:22,Cash,7.2
551-21-3069,C,Houston,Normal,Female,Electronic accessories,207.63,218.0115,02/01/2019,11:27,Cash,4.9
212-62-1842,A,Nueva York,Normal,Male,Food and beverages,349.56,367.038,3/28/2019,16:44,Cash,9.9
716-39-1409,B,Chicago,Normal,Male,Health and beauty,212.45,223.0725,3/19/2019,18:19,Cash,8
704-48-3927,A,Nueva York,Member,Male,Electronic accessories,886.7,931.035,01/12/2019,14:50,Ewallet,7.3
628-34-3388,C,Houston,Normal,Male,Fashion accessories,164.28,172.494,01/05/2019,20:54,Credit card,7.9
630-74-5166,A,Nueva York,Normal,Male,Sports and travel,372.78,391.419,3/22/2019,20:19,Cash,7.4
588-01-7461,C,Houston,Normal,Female,Food and beverages,305.82,321.111,3/24/2019,10:43,Cash,4.2
861-77-0145,C,Houston,Member,Male,Electronic accessories,819.7,860.685,03/03/2019,14:30,Cash,9.2
479-26-8945,B,Chicago,Member,Female,Sports and travel,32.98,34.629,02/05/2019,11:32,Ewallet,4.6
210-67-5886,C,Houston,Member,Female,Health and beauty,294.63,309.3615,02/05/2019,10:41,Credit card,7.8
227-78-1148,B,Chicago,Normal,Female,Fashion accessories,509.88,535.374,2/15/2019,12:44,Cash,8.4
645-44-1170,A,Nueva York,Member,Male,Home and lifestyle,522.63,548.7615,1/19/2019,20:07,Ewallet,4.3
237-01-6122,C,Houston,Member,Female,Home and lifestyle,727.11,763.4655,02/01/2019,20:31,Credit card,9.5
225-98-1496,C,Houston,Normal,Female,Fashion accessories,81.06,85.113,03/02/2019,13:01,Credit card,7.1
291-32-1427,B,Chicago,Member,Male,Fashion accessories,109.7,115.185,03/05/2019,12:29,Ewallet,5.3
659-65-8956,B,Chicago,Member,Male,Fashion accessories,51.36,53.928,1/16/2019,15:26,Ewallet,5.2
642-32-2990,A,Nueva York,Normal,Female,Food and beverages,109.6,115.08,02/02/2019,20:48,Ewallet,6
378-24-2715,B,Chicago,Normal,Male,Home and lifestyle,106.88,112.224,1/20/2019,20:38,Ewallet,4.1
638-60-7125,A,Nueva York,Normal,Female,Electronic accessories,796.48,836.304,2/14/2019,17:03,Credit card,5.2
659-36-1684,C,Houston,Member,Male,Sports and travel,399.84,419.832,01/12/2019,12:02,Credit card,6.5
219-22-9386,B,Chicago,Member,Male,Sports and travel,899.64,944.622,03/09/2019,17:26,Credit card,4.2
336-78-2147,C,Houston,Member,Male,Home and lifestyle,511.28,536.844,3/13/2019,19:52,Credit card,4.6
268-27-6179,B,Chicago,Member,Female,Fashion accessories,451.76,474.348,03/09/2019,14:57,Ewallet,7.3
668-90-8900,A,Nueva York,Normal,Female,Home and lifestyle,655.83,688.6215,03/10/2019,18:44,Credit card,4.5
870-54-3162,A,Nueva York,Normal,Female,Sports and travel,161.25,169.3125,1/27/2019,13:26,Cash,9
189-08-9157,C,Houston,Normal,Female,Fashion accessories,285.57,299.8485,01/08/2019,16:17,Credit card,5.9
663-86-9076,C,Houston,Member,Female,Food and beverages,548.32,575.736,01/08/2019,15:57,Ewallet,8.5
549-84-7482,B,Chicago,Normal,Female,Sports and travel,812.52,853.146,02/08/2019,11:15,Ewallet,7.2
191-10-6171,B,Chicago,Normal,Female,Fashion accessories,277.34,291.207,1/25/2019,13:18,Cash,7.5
802-70-5316,A,Nueva York,Member,Female,Sports and travel,552.78,580.419,03/06/2019,20:34,Cash,8.3
695-51-0018,B,Chicago,Normal,Female,Sports and travel,139.36,146.328,02/10/2019,18:36,Cash,7.4
590-83-4591,B,Chicago,Member,Male,Electronic accessories,524.7,550.935,2/17/2019,14:40,Credit card,8.8
483-71-1164,C,Houston,Normal,Female,Health and beauty,487.8,512.19,03/08/2019,16:43,Ewallet,5.3
597-78-7908,C,Houston,Normal,Male,Fashion accessories,270.66,284.193,2/18/2019,19:39,Cash,6.2
700-81-1757,A,Nueva York,Normal,Female,Electronic accessories,131.55,138.1275,1/18/2019,20:59,Credit card,8.8
354-39-5160,A,Nueva York,Member,Female,Home and lifestyle,206.52,216.846,2/18/2019,15:39,Cash,9.8
241-72-9525,B,Chicago,Normal,Male,Sports and travel,519.1,545.055,2/16/2019,12:21,Cash,8.2
575-30-8091,A,Nueva York,Normal,Male,Sports and travel,580,609,3/16/2019,19:25,Ewallet,9.2
731-81-9469,C,Houston,Member,Female,Sports and travel,898,942.9,1/23/2019,13:00,Credit card,5.4
280-17-4359,C,Houston,Member,Male,Health and beauty,905,950.25,1/25/2019,13:48,Cash,8.1
338-65-2210,C,Houston,Member,Female,Health and beauty,686,720.3,02/05/2019,19:57,Cash,9.1
488-25-4221,C,Houston,Member,Female,Food and beverages,30.41,31.9305,2/22/2019,10:36,Credit card,8.4
239-10-7476,A,Nueva York,Normal,Female,Home and lifestyle,467.7,491.085,1/21/2019,16:37,Ewallet,8
458-41-1477,C,Houston,Normal,Female,Health and beauty,277.56,291.438,03/08/2019,17:11,Credit card,9.5
685-64-1609,A,Nueva York,Member,Female,Fashion accessories,301.4,316.47,02/10/2019,12:28,Ewallet,9.2
568-90-5112,C,Houston,Normal,Male,Health and beauty,264.56,277.788,3/19/2019,12:46,Credit card,5.6
262-47-2794,B,Chicago,Member,Male,Home and lifestyle,574.88,603.624,03/06/2019,15:07,Credit card,6.2
238-49-0436,A,Nueva York,Normal,Male,Health and beauty,259.68,272.664,3/27/2019,13:48,Credit card,4.9
608-96-3517,B,Chicago,Member,Female,Fashion accessories,366.16,384.468,3/23/2019,19:20,Credit card,4.8
584-86-7256,C,Houston,Member,Male,Sports and travel,241.92,254.016,03/11/2019,16:07,Credit card,7.3
746-94-0204,A,Nueva York,Normal,Male,Fashion accessories,749.16,786.618,1/29/2019,11:56,Credit card,7.4
214-17-6927,C,Houston,Normal,Female,Food and beverages,98.88,103.824,02/07/2019,18:23,Ewallet,9.9
400-89-4171,C,Houston,Normal,Female,Sports and travel,647.76,680.148,1/28/2019,13:05,Cash,9.3
782-95-9291,A,Nueva York,Member,Male,Food and beverages,461.45,484.5225,2/20/2019,15:55,Credit card,9
279-74-2924,B,Chicago,Member,Male,Electronic accessories,72.17,75.7785,01/04/2019,19:40,Cash,6.1
307-85-2293,B,Chicago,Normal,Male,Home and lifestyle,251.4,263.97,03/07/2019,13:58,Ewallet,9.7
743-04-1105,B,Chicago,Member,Male,Health and beauty,874.98,918.729,3/30/2019,14:43,Ewallet,6
423-57-2993,B,Chicago,Normal,Male,Sports and travel,560.34,588.357,3/27/2019,19:18,Ewallet,10
894-41-5205,C,Houston,Normal,Female,Food and beverages,345.44,362.712,1/19/2019,19:39,Credit card,8.3
275-28-0149,A,Nueva York,Normal,Male,Sports and travel,63.69,66.8745,2/25/2019,16:21,Cash,6
101-17-6199,A,Nueva York,Normal,Male,Food and beverages,320.53,336.5565,3/13/2019,19:44,Credit card,7
423-80-0988,C,Houston,Normal,Male,Sports and travel,152.8,160.44,1/30/2019,19:42,Ewallet,6.5
548-46-9322,B,Chicago,Normal,Male,Food and beverages,399,418.95,2/20/2019,15:24,Credit card,5.9
505-02-0892,B,Chicago,Member,Male,Health and beauty,340.56,357.588,2/25/2019,14:12,Ewallet,5.6
234-65-2137,C,Houston,Normal,Male,Home and lifestyle,955.8,1003.59,1/16/2019,13:32,Cash,4.8
687-47-8271,A,Nueva York,Normal,Male,Fashion accessories,989.8,1039.29,02/08/2019,16:20,Credit card,8.7
796-32-9050,A,Nueva York,Normal,Male,Food and beverages,307.68,323.064,1/19/2019,16:31,Cash,6.5
105-31-1824,A,Nueva York,Member,Male,Sports and travel,486.64,510.972,02/01/2019,15:10,Credit card,8.5
249-42-3782,A,Nueva York,Normal,Male,Health and beauty,350.05,367.5525,01/03/2019,11:36,Ewallet,5.5
316-55-4634,B,Chicago,Member,Male,Food and beverages,400.25,420.2625,1/26/2019,12:45,Credit card,9.4
733-33-4967,C,Houston,Normal,Male,Electronic accessories,166.8,175.14,03/03/2019,19:17,Cash,6.3
608-27-6295,B,Chicago,Member,Male,Electronic accessories,317.34,333.207,1/19/2019,17:34,Credit card,9.8
414-12-7047,B,Chicago,Normal,Male,Food and beverages,158.32,166.236,1/18/2019,12:04,Ewallet,8.7
827-26-2100,A,Nueva York,Member,Male,Home and lifestyle,304.56,319.788,3/21/2019,16:21,Ewallet,8.8
175-54-2529,A,Nueva York,Member,Male,Food and beverages,177.36,186.228,03/03/2019,17:01,Credit card,9.6
139-52-2867,C,Houston,Normal,Female,Fashion accessories,157.57,165.4485,2/13/2019,10:50,Credit card,4.8
407-63-8975,A,Nueva York,Normal,Male,Food and beverages,443.28,465.444,3/23/2019,19:16,Ewallet,4.4
342-65-4817,C,Houston,Member,Male,Health and beauty,260.4,273.42,1/28/2019,16:47,Ewallet,9.9
130-98-8941,C,Houston,Normal,Male,Fashion accessories,449.82,472.311,02/09/2019,10:00,Cash,5.7
434-83-9547,C,Houston,Member,Male,Food and beverages,307.76,323.148,1/23/2019,11:51,Cash,7.7
851-28-6367,A,Nueva York,Member,Male,Sports and travel,155,162.75,3/23/2019,10:55,Ewallet,8
824-88-3614,C,Houston,Normal,Male,Health and beauty,274.48,288.204,1/25/2019,15:00,Ewallet,5.7
586-25-0848,A,Nueva York,Normal,Female,Sports and travel,86.38,90.699,03/04/2019,11:19,Credit card,6.7
895-66-0685,B,Chicago,Member,Male,Food and beverages,54.24,56.952,03/05/2019,19:46,Ewallet,8
305-14-0245,B,Chicago,Member,Female,Home and lifestyle,755.92,793.716,03/03/2019,19:00,Ewallet,7.5
732-04-5373,B,Chicago,Member,Male,Home and lifestyle,185.88,195.174,02/08/2019,10:53,Cash,7
400-60-7251,A,Nueva York,Normal,Male,Home and lifestyle,74.07,77.7735,02/10/2019,12:50,Ewallet,9.9
593-65-1552,C,Houston,Normal,Female,Home and lifestyle,279.24,293.202,1/28/2019,20:50,Credit card,5.9
284-34-9626,B,Chicago,Normal,Female,Home and lifestyle,231.12,242.676,02/11/2019,10:39,Credit card,7.2
437-58-8131,B,Chicago,Normal,Female,Fashion accessories,147.04,154.392,1/15/2019,13:41,Ewallet,4.6
286-43-6208,C,Houston,Normal,Female,Food and beverages,790.2,829.71,3/16/2019,19:08,Cash,9.2
641-43-2399,B,Chicago,Normal,Male,Home and lifestyle,102.2,107.31,1/26/2019,20:23,Ewallet,5.7
831-07-6050,A,Nueva York,Normal,Male,Electronic accessories,163.55,171.7275,3/19/2019,11:30,Credit card,9.9
556-86-3144,C,Houston,Member,Female,Fashion accessories,74.29,78.0045,1/13/2019,19:30,Cash,5
848-24-9445,C,Houston,Member,Male,Health and beauty,87.4,91.77,3/26/2019,18:03,Cash,4.9
856-22-8149,A,Nueva York,Normal,Female,Home and lifestyle,25.29,26.5545,3/23/2019,10:13,Ewallet,6.1
699-01-4164,C,Houston,Normal,Male,Health and beauty,166,174.3,03/12/2019,19:58,Credit card,8.2
420-11-4919,C,Houston,Member,Female,Food and beverages,356.95,374.7975,2/17/2019,19:57,Credit card,5.5
606-80-4905,C,Houston,Member,Female,Sports and travel,114.9,120.645,1/29/2019,10:01,Credit card,6.8
542-41-0513,B,Chicago,Member,Female,Electronic accessories,229.96,241.458,3/15/2019,11:57,Cash,6.6
426-39-2418,C,Houston,Normal,Male,Electronic accessories,429.87,451.3635,1/14/2019,10:02,Cash,9.8
875-46-5808,B,Chicago,Member,Male,Health and beauty,259,271.95,02/06/2019,14:51,Ewallet,8.7
394-43-4238,B,Chicago,Member,Male,Home and lifestyle,88.85,93.2925,2/15/2019,12:42,Credit card,5.4
749-24-1565,A,Nueva York,Normal,Female,Health and beauty,207.27,217.6335,01/03/2019,12:02,Ewallet,7.9
672-51-8681,C,Houston,Member,Female,Electronic accessories,599.85,629.8425,01/04/2019,18:19,Credit card,9.7
263-87-5680,C,Houston,Member,Female,Home and lifestyle,285.3,299.565,3/18/2019,17:38,Ewallet,7.8
573-58-9734,B,Chicago,Normal,Female,Fashion accessories,91.11,95.6655,3/28/2019,13:41,Ewallet,5.1
817-69-8206,B,Chicago,Normal,Female,Electronic accessories,897.57,942.4485,03/02/2019,19:42,Credit card,6.5
888-02-0338,A,Nueva York,Normal,Male,Electronic accessories,236.07,247.8735,1/25/2019,20:24,Ewallet,5.9
677-11-0152,C,Houston,Normal,Female,Food and beverages,839.34,881.307,1/16/2019,18:08,Cash,8.8
142-63-6033,B,Chicago,Normal,Male,Home and lifestyle,461.8,484.89,3/20/2019,19:17,Ewallet,4.9
656-16-1063,B,Chicago,Normal,Male,Sports and travel,139.26,146.223,01/04/2019,13:24,Credit card,4.4
891-58-8335,B,Chicago,Member,Female,Sports and travel,207.27,217.6335,03/11/2019,15:53,Cash,6.5
802-43-8934,A,Nueva York,Normal,Male,Home and lifestyle,18.28,19.194,3/22/2019,15:05,Credit card,8.3
560-30-5617,B,Chicago,Normal,Female,Sports and travel,123.85,130.0425,3/24/2019,18:27,Cash,8.5
319-74-2561,A,Nueva York,Member,Female,Electronic accessories,283.92,298.116,2/21/2019,16:55,Cash,5.5
549-03-9315,B,Chicago,Normal,Male,Fashion accessories,758.96,796.908,02/12/2019,12:58,Ewallet,8.7
790-29-1172,B,Chicago,Normal,Female,Food and beverages,172.02,180.621,03/10/2019,18:59,Credit card,7.9
239-36-3640,B,Chicago,Normal,Male,Electronic accessories,272.1,285.705,1/31/2019,13:44,Ewallet,6.1
468-01-2051,B,Chicago,Normal,Male,Food and beverages,434.56,456.288,03/06/2019,13:46,Ewallet,5.4
389-25-3394,C,Houston,Normal,Male,Electronic accessories,59.05,62.0025,2/17/2019,18:06,Cash,9.4
279-62-1445,C,Houston,Member,Female,Fashion accessories,12.54,13.167,2/21/2019,12:38,Cash,8.2
213-72-6612,A,Nueva York,Normal,Male,Food and beverages,86.5,90.825,3/20/2019,15:56,Cash,6.2
746-68-6593,C,Houston,Member,Female,Sports and travel,174.32,183.036,01/11/2019,14:29,Credit card,9.7
836-82-5858,B,Chicago,Member,Male,Health and beauty,624.33,655.5465,1/26/2019,19:14,Ewallet,4
583-72-1480,C,Houston,Member,Male,Electronic accessories,148.24,155.652,1/31/2019,16:24,Ewallet,9.7
466-61-5506,B,Chicago,Member,Female,Electronic accessories,544.2,571.41,2/26/2019,10:52,Cash,5.3
721-86-6247,A,Nueva York,Normal,Female,Home and lifestyle,507.36,532.728,03/11/2019,12:55,Ewallet,7.4
289-65-5721,B,Chicago,Normal,Female,Fashion accessories,162.74,170.877,1/26/2019,19:28,Cash,6.5
545-46-3100,B,Chicago,Member,Female,Electronic accessories,31.77,33.3585,03/12/2019,13:52,Credit card,8.7
418-02-5978,B,Chicago,Normal,Female,Health and beauty,756.81,794.6505,02/11/2019,10:54,Cash,8
269-04-5750,B,Chicago,Member,Male,Fashion accessories,295.28,310.044,2/21/2019,18:31,Cash,6.7
157-13-5295,A,Nueva York,Member,Male,Health and beauty,519.4,545.37,03/09/2019,18:24,Ewallet,6.5
645-78-8093,A,Nueva York,Normal,Female,Sports and travel,186.28,195.594,1/20/2019,18:09,Ewallet,4.1
211-30-9270,C,Houston,Normal,Male,Health and beauty,87.05,91.4025,1/28/2019,15:16,Credit card,4.9
755-12-3214,C,Houston,Member,Female,Fashion accessories,221.1,232.155,03/05/2019,17:07,Credit card,8.6
346-84-3103,B,Chicago,Member,Female,Electronic accessories,66.1,69.405,03/02/2019,19:26,Cash,4.3
478-06-7835,A,Nueva York,Normal,Male,Fashion accessories,89.69,94.1745,01/11/2019,11:20,Ewallet,4.9
540-11-4336,A,Nueva York,Normal,Male,Food and beverages,224.46,235.683,01/11/2019,16:49,Credit card,5.6
448-81-5016,A,Nueva York,Normal,Male,Health and beauty,119.54,125.517,03/11/2019,12:01,Credit card,5.8
142-72-4741,C,Houston,Member,Male,Fashion accessories,186.4,195.72,2/28/2019,18:37,Credit card,6
217-58-1179,A,Nueva York,Member,Male,Home and lifestyle,250.6,263.13,01/05/2019,11:25,Cash,4.2
376-02-8238,B,Chicago,Normal,Male,Home and lifestyle,750.96,788.508,02/02/2019,18:42,Credit card,8.3
530-90-9855,A,Nueva York,Member,Male,Home and lifestyle,380.72,399.756,01/01/2019,14:47,Cash,5.7
866-05-7563,B,Chicago,Member,Female,Electronic accessories,244.2,256.41,02/09/2019,19:43,Cash,4.8
604-70-6476,A,Nueva York,Member,Male,Fashion accessories,89.7,94.185,1/23/2019,14:04,Ewallet,6.8
799-71-1548,A,Nueva York,Member,Male,Electronic accessories,310.88,326.424,01/07/2019,16:11,Credit card,8.8
785-13-7708,B,Chicago,Normal,Male,Food and beverages,511.42,536.991,1/14/2019,19:06,Credit card,4.2
845-51-0542,B,Chicago,Member,Male,Food and beverages,418.95,439.8975,02/02/2019,15:34,Ewallet,6.4
662-47-5456,C,Houston,Member,Male,Fashion accessories,351.9,369.495,3/17/2019,19:06,Credit card,8.4
883-17-4236,C,Houston,Normal,Female,Sports and travel,28.78,30.219,03/02/2019,19:44,Credit card,7.2
290-68-2984,A,Nueva York,Normal,Male,Home and lifestyle,95,99.75,3/16/2019,11:22,Cash,5.2
704-11-6354,A,Nueva York,Member,Male,Home and lifestyle,471.2,494.76,01/06/2019,11:23,Cash,8.9
110-48-7033,B,Chicago,Member,Male,Fashion accessories,130.48,137.004,1/29/2019,14:12,Cash,9
366-93-0948,A,Nueva York,Member,Male,Electronic accessories,66.35,69.6675,1/31/2019,10:46,Credit card,9.7
729-09-9681,A,Nueva York,Member,Male,Home and lifestyle,155.46,163.233,02/05/2019,10:16,Ewallet,8.7
151-16-1484,A,Nueva York,Member,Male,Electronic accessories,129,135.45,2/13/2019,12:38,Ewallet,6.5
380-94-4661,C,Houston,Member,Male,Electronic accessories,263.76,276.948,02/07/2019,13:05,Credit card,6.9
850-41-9669,A,Nueva York,Normal,Female,Electronic accessories,675.54,709.317,3/19/2019,13:25,Ewallet,6.2
821-07-3596,C,Houston,Normal,Female,Fashion accessories,65.8,69.09,03/07/2019,14:53,Ewallet,5.6
655-85-5130,B,Chicago,Member,Female,Fashion accessories,153.2,160.86,3/13/2019,19:22,Cash,5.7
447-15-7839,A,Nueva York,Member,Female,Sports and travel,222.4,233.52,02/09/2019,11:00,Cash,4.2
154-74-7179,B,Chicago,Normal,Male,Sports and travel,54.45,57.1725,2/26/2019,19:24,Ewallet,7.9
253-12-6086,A,Nueva York,Member,Female,Sports and travel,688.8,723.24,03/12/2019,12:43,Credit card,8.7
808-65-0703,C,Houston,Normal,Male,Home and lifestyle,141.88,148.974,3/14/2019,17:22,Credit card,6.9
571-94-0759,B,Chicago,Member,Female,Food and beverages,746,783.3,01/08/2019,20:55,Cash,9.5
144-51-6085,A,Nueva York,Member,Male,Home and lifestyle,282.96,297.108,01/05/2019,16:05,Credit card,4.4
731-14-2199,A,Nueva York,Member,Female,Home and lifestyle,355.4,373.17,01/04/2019,13:34,Ewallet,7
783-09-1637,B,Chicago,Normal,Female,Sports and travel,337.15,354.0075,03/06/2019,18:13,Ewallet,6.3
687-15-1097,C,Houston,Member,Female,Health and beauty,42.24,44.352,01/03/2019,19:17,Cash,9.7
126-54-1082,A,Nueva York,Member,Female,Home and lifestyle,193.86,203.553,01/07/2019,11:44,Credit card,8.8
633-91-1052,A,Nueva York,Normal,Female,Home and lifestyle,24.06,25.263,1/27/2019,15:51,Cash,5.1
477-24-6490,B,Chicago,Normal,Female,Health and beauty,598.26,628.173,2/26/2019,16:52,Ewallet,7.9
566-19-5475,B,Chicago,Normal,Male,Fashion accessories,335.79,352.5795,01/07/2019,20:52,Cash,6.2
526-86-8552,C,Houston,Member,Female,Home and lifestyle,218.2,229.11,01/07/2019,17:36,Cash,7.1
376-56-3573,C,Houston,Normal,Female,Fashion accessories,381.68,400.764,02/02/2019,13:23,Ewallet,6.4
537-72-0426,C,Houston,Member,Male,Fashion accessories,709.9,745.395,3/20/2019,16:28,Cash,5.7
828-61-5674,A,Nueva York,Member,Male,Sports and travel,440.2,462.21,3/20/2019,19:57,Credit card,9.6
136-08-6195,A,Nueva York,Normal,Female,Home and lifestyle,559.68,587.664,2/15/2019,17:01,Credit card,6.4
523-38-0215,C,Houston,Normal,Male,Home and lifestyle,37,38.85,03/06/2019,13:29,Credit card,7.9
490-29-1201,A,Nueva York,Normal,Female,Sports and travel,15.34,16.107,01/06/2019,11:09,Cash,6.5
667-92-0055,A,Nueva York,Member,Male,Health and beauty,598.98,628.929,03/04/2019,15:02,Ewallet,8.5
565-17-3836,A,Nueva York,Member,Female,Health and beauty,190.68,200.214,03/12/2019,14:21,Cash,9.1
498-41-1961,B,Chicago,Normal,Male,Health and beauty,333.4,350.07,2/20/2019,18:01,Cash,7.6
593-95-4461,C,Houston,Member,Male,Home and lifestyle,74.86,78.603,3/24/2019,14:49,Cash,6.9
226-71-3580,C,Houston,Normal,Female,Sports and travel,213.75,224.4375,1/31/2019,12:02,Cash,9.5
283-79-9594,B,Chicago,Normal,Female,Food and beverages,339.57,356.5485,1/25/2019,13:30,Credit card,5.2
430-60-3493,A,Nueva York,Member,Female,Home and lifestyle,664.16,697.368,02/03/2019,14:38,Cash,4.2
139-20-0155,B,Chicago,Member,Male,Electronic accessories,403,423.15,1/24/2019,17:37,Credit card,7
558-80-4082,C,Houston,Normal,Male,Electronic accessories,194.95,204.6975,3/14/2019,17:20,Ewallet,6
278-97-7759,A,Nueva York,Member,Female,Electronic accessories,62.48,65.604,2/18/2019,20:29,Cash,4.7
316-68-6352,A,Nueva York,Member,Female,Food and beverages,72.72,76.356,1/21/2019,10:00,Cash,7.1
585-03-5943,B,Chicago,Normal,Male,Health and beauty,181.1,190.155,3/13/2019,11:46,Ewallet,5.9
211-05-0490,C,Houston,Member,Female,Electronic accessories,259.6,272.58,03/03/2019,13:42,Cash,7.5
727-75-6477,C,Houston,Normal,Male,Electronic accessories,115.36,121.128,3/29/2019,14:44,Cash,6.4
744-02-5987,A,Nueva York,Member,Male,Home and lifestyle,470.28,493.794,01/10/2019,14:16,Ewallet,5.8
307-83-9164,A,Nueva York,Member,Male,Home and lifestyle,240.04,252.042,1/25/2019,15:54,Cash,4.5
779-06-0012,C,Houston,Member,Female,Home and lifestyle,88.61,93.0405,1/19/2019,10:21,Cash,7.7
446-47-6729,C,Houston,Normal,Male,Fashion accessories,199.64,209.622,01/02/2019,18:09,Credit card,6.7
573-10-3877,B,Chicago,Member,Male,Health and beauty,39.01,40.9605,03/12/2019,16:46,Credit card,4.7
735-06-4124,C,Houston,Normal,Male,Food and beverages,48.61,51.0405,2/25/2019,15:31,Cash,4.4
439-54-7422,A,Nueva York,Normal,Female,Electronic accessories,204.76,214.998,3/18/2019,17:15,Credit card,4.7
396-90-2219,B,Chicago,Normal,Female,Electronic accessories,119.68,125.664,2/23/2019,12:29,Cash,8.6
411-77-0180,A,Nueva York,Member,Male,Electronic accessories,505.4,530.67,3/26/2019,20:14,Ewallet,4.3
286-01-5402,A,Nueva York,Normal,Female,Sports and travel,281.61,295.6905,3/30/2019,13:22,Cash,9.6
803-17-8013,A,Nueva York,Member,Female,Home and lifestyle,710.32,745.836,2/17/2019,17:09,Cash,4.1
512-98-1403,A,Nueva York,Member,Female,Electronic accessories,79.44,83.412,3/21/2019,10:40,Ewallet,4.7
848-42-2560,A,Nueva York,Normal,Female,Fashion accessories,163.82,172.011,03/05/2019,17:43,Cash,7.8
532-59-7201,B,Chicago,Member,Male,Sports and travel,479.58,503.559,1/31/2019,14:04,Cash,5.5
181-94-6432,C,Houston,Member,Male,Fashion accessories,138.66,145.593,02/05/2019,19:05,Ewallet,9.7
870-76-1733,A,Nueva York,Member,Female,Food and beverages,71.15,74.7075,02/01/2019,10:08,Credit card,4.4
423-64-4619,A,Nueva York,Member,Female,Health and beauty,139.95,146.9475,03/07/2019,13:12,Cash,5
227-07-4446,C,Houston,Member,Female,Electronic accessories,781.3,820.365,02/10/2019,20:51,Cash,4.4
174-36-3675,C,Houston,Member,Male,Food and beverages,198.74,208.677,2/14/2019,17:29,Cash,5.2
428-83-5800,C,Houston,Member,Female,Food and beverages,63.24,66.402,02/09/2019,10:25,Cash,7.3
603-07-0961,C,Houston,Member,Male,Electronic accessories,373.95,392.6475,01/10/2019,11:34,Cash,4.9
704-20-4138,C,Houston,Member,Female,Health and beauty,207.69,218.0745,03/11/2019,18:58,Credit card,8.1
787-15-1757,C,Houston,Member,Male,Health and beauty,176.28,185.094,2/18/2019,16:28,Ewallet,8.4
649-11-3678,C,Houston,Normal,Female,Food and beverages,206.37,216.6885,2/26/2019,20:26,Cash,5.5
622-20-1945,C,Houston,Normal,Female,Health and beauty,39.42,41.391,1/18/2019,15:08,Cash,8.4
372-94-8041,A,Nueva York,Normal,Male,Health and beauty,91.56,96.138,2/15/2019,18:03,Ewallet,9.8
563-91-7120,A,Nueva York,Normal,Female,Fashion accessories,308.85,324.2925,03/08/2019,13:21,Cash,6.7
746-54-5508,A,Nueva York,Normal,Male,Home and lifestyle,129.12,135.576,1/17/2019,12:48,Credit card,9.4
276-54-0879,B,Chicago,Normal,Male,Sports and travel,390.96,410.508,03/12/2019,19:53,Ewallet,6.4
815-11-1168,A,Nueva York,Member,Male,Food and beverages,498.9,523.845,03/09/2019,19:09,Cash,5.4
719-76-3868,C,Houston,Member,Male,Food and beverages,377.04,395.892,03/12/2019,16:30,Cash,8.6
730-61-8757,B,Chicago,Member,Male,Health and beauty,204.52,214.746,1/25/2019,10:11,Credit card,4
340-66-0321,A,Nueva York,Member,Male,Electronic accessories,145.44,152.712,3/25/2019,13:07,Cash,7.6
868-81-1752,B,Chicago,Normal,Male,Home and lifestyle,198.18,208.089,02/07/2019,18:48,Cash,6.8
634-97-8956,A,Nueva York,Normal,Male,Food and beverages,98.7,103.635,2/17/2019,17:27,Credit card,9.1
566-71-1091,A,Nueva York,Normal,Male,Fashion accessories,385.1,404.355,02/03/2019,15:59,Cash,5.5
442-48-3607,A,Nueva York,Member,Male,Food and beverages,46.96,49.308,3/14/2019,11:21,Credit card,7.9
835-16-0096,C,Houston,Member,Male,Sports and travel,73.5,77.175,3/24/2019,13:48,Ewallet,8.5
527-09-6272,A,Nueva York,Member,Female,Electronic accessories,142.25,149.3625,3/21/2019,10:17,Credit card,9.1
898-04-2717,A,Nueva York,Normal,Male,Fashion accessories,687.6,721.98,3/19/2019,15:49,Ewallet,7.5
692-27-8933,B,Chicago,Normal,Female,Sports and travel,347.7,365.085,2/24/2019,13:02,Cash,5.2
633-09-3463,C,Houston,Normal,Female,Electronic accessories,142.95,150.0975,3/28/2019,12:58,Credit card,9.5
374-17-3652,B,Chicago,Member,Female,Food and beverages,385.38,404.649,02/05/2019,15:26,Credit card,8.9
378-07-7001,B,Chicago,Member,Male,Electronic accessories,144.27,151.4835,02/10/2019,18:23,Credit card,7.8
433-75-6987,B,Chicago,Member,Female,Health and beauty,391.79,411.3795,03/05/2019,19:06,Ewallet,8.9
873-95-4984,B,Chicago,Member,Female,Health and beauty,538.3,565.215,2/15/2019,20:21,Cash,7.7
416-13-5917,C,Houston,Normal,Female,Food and beverages,485.15,509.4075,1/30/2019,16:24,Ewallet,9.3
150-89-8043,A,Nueva York,Normal,Male,Sports and travel,133.95,140.6475,2/14/2019,15:04,Cash,6.2
135-84-8019,A,Nueva York,Normal,Female,Fashion accessories,701.37,736.4385,2/27/2019,16:10,Ewallet,7.6
441-94-7118,A,Nueva York,Member,Male,Electronic accessories,71.95,75.5475,02/04/2019,12:14,Cash,7.3
725-96-3778,C,Houston,Member,Female,Home and lifestyle,714,749.7,1/20/2019,10:13,Cash,4.7
531-80-1784,A,Nueva York,Normal,Male,Electronic accessories,182.14,191.247,3/28/2019,17:38,Cash,5.1
400-45-1220,B,Chicago,Normal,Female,Health and beauty,135,141.75,2/27/2019,11:06,Credit card,4.8
860-79-0874,C,Houston,Member,Female,Fashion accessories,993,1042.65,2/15/2019,14:53,Credit card,6.6
834-61-8124,A,Nueva York,Normal,Male,Electronic accessories,361.83,379.9215,1/26/2019,18:22,Cash,5.5
115-99-4379,B,Chicago,Member,Female,Fashion accessories,383.11,402.2655,3/14/2019,19:02,Credit card,8.5
565-67-6697,B,Chicago,Member,Male,Home and lifestyle,243,255.15,03/02/2019,14:16,Cash,4.8
320-49-6392,C,Houston,Normal,Female,Electronic accessories,30.24,31.752,03/04/2019,15:44,Cash,8.4
889-04-9723,B,Chicago,Member,Female,Food and beverages,356.56,374.388,01/07/2019,12:20,Credit card,7.8
632-90-0281,C,Houston,Normal,Female,Fashion accessories,375.5,394.275,03/08/2019,20:01,Credit card,9.3
554-42-2417,C,Houston,Normal,Female,Sports and travel,954.4,1002.12,01/09/2019,13:45,Cash,5.2
453-63-6187,B,Chicago,Normal,Male,Electronic accessories,82.5,86.625,03/01/2019,15:40,Ewallet,6.5
578-80-7669,B,Chicago,Normal,Male,Sports and travel,74.97,78.7185,3/16/2019,16:58,Cash,5.6
612-36-5536,A,Nueva York,Member,Male,Food and beverages,647.68,680.064,2/17/2019,11:12,Credit card,7.4
605-72-4132,C,Houston,Normal,Female,Food and beverages,755.76,793.548,2/27/2019,15:12,Cash,9.1
471-41-2823,C,Houston,Normal,Male,Food and beverages,199.58,209.559,03/07/2019,20:37,Ewallet,8
462-67-9126,A,Nueva York,Normal,Male,Home and lifestyle,439.32,461.286,1/21/2019,17:44,Cash,7.2
272-27-9238,C,Houston,Normal,Female,Food and beverages,164.96,173.208,2/19/2019,16:23,Cash,7.1
834-25-9262,C,Houston,Normal,Female,Fashion accessories,326.72,343.056,01/06/2019,12:12,Cash,9.1
122-61-9553,C,Houston,Normal,Female,Electronic accessories,461.88,484.974,3/14/2019,19:33,Cash,5.6
468-88-0009,A,Nueva York,Member,Male,Home and lifestyle,263.76,276.948,3/24/2019,10:29,Cash,6
613-59-9758,C,Houston,Normal,Female,Sports and travel,143.6,150.78,1/27/2019,14:28,Cash,5.4
254-31-0042,A,Nueva York,Member,Male,Electronic accessories,193.5,203.175,03/06/2019,12:46,Credit card,7.8
201-86-2184,B,Chicago,Member,Female,Electronic accessories,183.82,193.011,02/02/2019,19:40,Cash,9.9
261-12-8671,B,Chicago,Normal,Female,Fashion accessories,121.92,128.016,1/25/2019,19:39,Credit card,4.9
730-70-9830,C,Houston,Normal,Female,Home and lifestyle,420.66,441.693,3/14/2019,17:54,Ewallet,5.2
382-25-8917,C,Houston,Normal,Male,Fashion accessories,252.48,265.104,1/29/2019,12:25,Cash,8.9
422-29-8786,A,Nueva York,Normal,Female,Home and lifestyle,335.45,352.2225,01/03/2019,16:47,Credit card,9.1
667-23-5919,A,Nueva York,Member,Female,Fashion accessories,483.5,507.675,1/14/2019,12:52,Ewallet,7
843-01-4703,B,Chicago,Member,Female,Home and lifestyle,318.42,334.341,01/05/2019,19:50,Credit card,9.6
743-88-1662,C,Houston,Normal,Male,Sports and travel,668.43,701.8515,2/22/2019,18:17,Ewallet,8.7
595-86-2894,C,Houston,Member,Male,Fashion accessories,387.92,407.316,02/06/2019,17:20,Ewallet,9.4
182-69-8360,B,Chicago,Normal,Female,Electronic accessories,94.6,99.33,1/30/2019,13:32,Credit card,4
289-15-7034,A,Nueva York,Member,Male,Sports and travel,329.32,345.786,01/11/2019,10:37,Credit card,7.5
462-78-5240,C,Houston,Normal,Female,Electronic accessories,53.22,55.881,3/19/2019,14:35,Cash,4.2
868-52-7573,B,Chicago,Normal,Female,Food and beverages,498.45,523.3725,1/14/2019,12:09,Cash,9.9
153-58-4872,C,Houston,Member,Female,Food and beverages,299.56,314.538,03/01/2019,15:32,Ewallet,4.2
662-72-2873,A,Nueva York,Normal,Female,Food and beverages,204.7,214.935,01/06/2019,13:58,Ewallet,9.9
525-88-7307,B,Chicago,Member,Male,Sports and travel,75.82,79.611,1/31/2019,13:19,Cash,5.8
689-16-9784,C,Houston,Normal,Male,Food and beverages,280.62,294.651,03/11/2019,13:37,Cash,6
725-56-0833,A,Nueva York,Normal,Female,Health and beauty,323.2,339.36,2/20/2019,16:49,Credit card,10
394-41-0748,C,Houston,Member,Female,Fashion accessories,486.63,510.9615,1/27/2019,14:55,Ewallet,9.5
596-42-3999,B,Chicago,Normal,Male,Food and beverages,127.54,133.917,03/10/2019,14:04,Credit card,6.6
541-89-9860,C,Houston,Member,Female,Fashion accessories,241.44,253.512,2/15/2019,12:31,Cash,8.1
173-82-9529,B,Chicago,Normal,Female,Fashion accessories,379.5,398.475,1/26/2019,14:51,Cash,9.7
563-36-9814,A,Nueva York,Member,Male,Electronic accessories,76.82,80.661,2/13/2019,18:27,Ewallet,7.2
308-47-4913,A,Nueva York,Member,Female,Sports and travel,522.6,548.73,03/09/2019,12:45,Credit card,6.2
885-17-6250,A,Nueva York,Normal,Female,Health and beauty,79.74,83.727,03/06/2019,10:36,Ewallet,7.3
726-27-2396,A,Nueva York,Normal,Female,Health and beauty,387.5,406.875,1/24/2019,20:36,Ewallet,4.3
316-01-3952,A,Nueva York,Normal,Female,Food and beverages,271.35,284.9175,3/13/2019,14:16,Ewallet,4.6
760-54-1821,B,Chicago,Normal,Male,Home and lifestyle,122.31,128.4255,3/15/2019,10:26,Cash,5.8
793-10-3222,B,Chicago,Member,Female,Health and beauty,246.36,258.678,03/05/2019,13:30,Credit card,8.3
346-12-3257,B,Chicago,Member,Male,Electronic accessories,173.16,181.818,03/04/2019,16:28,Cash,8
110-05-6330,C,Houston,Normal,Female,Food and beverages,236.58,248.409,3/25/2019,20:18,Credit card,9.4
651-61-0874,C,Houston,Normal,Male,Home and lifestyle,184.88,194.124,03/12/2019,20:04,Credit card,6.2
236-86-3015,C,Houston,Member,Male,Home and lifestyle,13.98,14.679,02/04/2019,13:38,Ewallet,9.8
831-64-0259,B,Chicago,Normal,Female,Fashion accessories,198.75,208.6875,2/22/2019,10:43,Ewallet,9.6
587-03-7455,C,Houston,Member,Female,Fashion accessories,684.53,718.7565,2/16/2019,17:30,Ewallet,4.9
882-40-4577,A,Nueva York,Member,Male,Sports and travel,269.04,282.492,1/19/2019,15:28,Credit card,8
732-67-5346,A,Nueva York,Normal,Male,Food and beverages,68.95,72.3975,01/11/2019,19:07,Credit card,7.8
725-32-9708,B,Chicago,Member,Female,Fashion accessories,274.84,288.582,01/04/2019,19:01,Cash,4.1
256-08-8343,A,Nueva York,Normal,Female,Home and lifestyle,226.12,237.426,03/04/2019,19:48,Ewallet,5.5
372-26-1506,C,Houston,Normal,Female,Fashion accessories,119.1,125.055,1/28/2019,19:24,Ewallet,5.4
244-08-0162,B,Chicago,Normal,Female,Health and beauty,342.1,359.205,01/02/2019,13:00,Cash,5.1
569-71-4390,B,Chicago,Normal,Male,Sports and travel,43.74,45.927,1/25/2019,14:29,Ewallet,6.9
132-23-6451,A,Nueva York,Member,Male,Health and beauty,104.85,110.0925,01/04/2019,13:21,Cash,7.8
696-90-2548,A,Nueva York,Normal,Male,Sports and travel,77.52,81.396,03/10/2019,18:55,Ewallet,6.6
472-15-9636,A,Nueva York,Normal,Male,Home and lifestyle,407.44,427.812,3/22/2019,19:36,Ewallet,9.2
268-03-6164,B,Chicago,Normal,Male,Health and beauty,96.11,100.9155,1/25/2019,16:28,Ewallet,7.8
750-57-9686,C,Houston,Normal,Female,Home and lifestyle,181.52,190.596,01/08/2019,13:48,Credit card,8.7
186-09-3669,C,Houston,Member,Female,Health and beauty,81.51,85.5855,1/22/2019,10:57,Ewallet,9.2
848-07-1692,B,Chicago,Normal,Female,Health and beauty,114.44,120.162,01/12/2019,17:13,Ewallet,8.3
745-71-3520,A,Nueva York,Member,Female,Electronic accessories,176.54,185.367,02/04/2019,10:23,Cash,8.2
266-76-6436,C,Houston,Member,Female,Food and beverages,115.8,121.59,3/28/2019,13:57,Ewallet,7.5
740-22-2500,C,Houston,Normal,Female,Electronic accessories,252.15,264.7575,1/23/2019,13:29,Cash,9.8
271-88-8734,C,Houston,Member,Female,Fashion accessories,972.1,1020.705,02/08/2019,13:00,Credit card,8.7
301-81-8610,B,Chicago,Member,Male,Fashion accessories,203.36,213.528,3/19/2019,19:42,Credit card,6.7
489-64-4354,C,Houston,Normal,Male,Fashion accessories,16.28,17.094,03/09/2019,15:36,Cash,5
198-84-7132,B,Chicago,Member,Male,Fashion accessories,365.49,383.7645,01/02/2019,13:40,Cash,7
269-10-8440,A,Nueva York,Member,Male,Health and beauty,372.19,390.7995,1/21/2019,18:01,Cash,8.9
650-98-6268,B,Chicago,Member,Female,Food and beverages,62.61,65.7405,3/20/2019,13:53,Credit card,8
741-73-3559,B,Chicago,Normal,Male,Sports and travel,336.35,353.1675,2/27/2019,17:27,Cash,6.9
325-77-6186,A,Nueva York,Member,Female,Home and lifestyle,906.5,951.825,03/08/2019,10:53,Ewallet,7.3
286-75-7818,B,Chicago,Normal,Male,Fashion accessories,138.16,145.068,1/31/2019,19:48,Credit card,6.9
574-57-9721,C,Houston,Normal,Male,Food and beverages,86.54,90.867,03/08/2019,16:53,Ewallet,5.7
459-50-7686,A,Nueva York,Normal,Female,Electronic accessories,140.76,147.798,1/13/2019,19:14,Ewallet,6.4
616-87-0016,B,Chicago,Normal,Male,Fashion accessories,668.78,702.219,03/09/2019,14:36,Credit card,9.6
837-55-7229,B,Chicago,Normal,Female,Fashion accessories,47.44,49.812,2/22/2019,18:19,Credit card,6.8
751-69-0068,C,Houston,Normal,Male,Sports and travel,893.16,937.818,3/19/2019,19:09,Ewallet,9
257-73-1380,C,Houston,Member,Male,Sports and travel,331.72,348.306,1/20/2019,16:51,Ewallet,9.6
345-08-4992,A,Nueva York,Normal,Male,Home and lifestyle,203.94,214.137,03/08/2019,15:37,Credit card,7.7
549-96-4200,C,Houston,Member,Male,Food and beverages,68.16,71.568,03/08/2019,20:15,Ewallet,7
810-60-6344,C,Houston,Normal,Female,Electronic accessories,326.88,343.224,02/07/2019,14:38,Credit card,6.5
450-28-2866,C,Houston,Member,Male,Food and beverages,87.2,91.56,1/15/2019,19:25,Cash,8.1
394-30-3170,B,Chicago,Member,Female,Sports and travel,707.44,742.812,3/22/2019,19:35,Credit card,4.3
138-17-5109,A,Nueva York,Member,Female,Home and lifestyle,802.89,843.0345,1/15/2019,15:42,Credit card,6.5
192-98-7397,C,Houston,Normal,Male,Fashion accessories,12.78,13.419,01/08/2019,14:11,Ewallet,9.5
301-11-9629,A,Nueva York,Normal,Female,Sports and travel,133.7,140.385,1/15/2019,10:43,Cash,9.7
390-80-5128,B,Chicago,Member,Female,Health and beauty,19.15,20.1075,1/28/2019,17:58,Credit card,9.5
235-46-8343,C,Houston,Member,Male,Food and beverages,276.6,290.43,2/14/2019,11:26,Credit card,8.9
453-12-7053,C,Houston,Normal,Male,Fashion accessories,137.22,144.081,03/10/2019,17:38,Credit card,6.5
296-11-7041,B,Chicago,Member,Female,Health and beauty,27.07,28.4235,01/12/2019,20:07,Credit card,5.3
449-27-2918,B,Chicago,Member,Female,Sports and travel,39.12,41.076,3/26/2019,11:02,Credit card,9.6
891-01-7034,B,Chicago,Normal,Female,Electronic accessories,448.26,470.673,01/01/2019,19:07,Cash,6.7
744-09-5786,B,Chicago,Normal,Male,Electronic accessories,132.06,138.663,01/02/2019,18:50,Cash,7.6
727-17-0390,A,Nueva York,Normal,Female,Food and beverages,318.05,333.9525,3/16/2019,12:43,Ewallet,4.8
568-88-3448,A,Nueva York,Normal,Male,Health and beauty,25,26.25,03/03/2019,15:09,Ewallet,5.5
187-83-5490,A,Nueva York,Member,Male,Electronic accessories,83.08,87.234,1/31/2019,13:47,Cash,4.7
767-54-1907,B,Chicago,Member,Female,Fashion accessories,147.8,155.19,2/13/2019,16:59,Cash,6.9
710-46-4433,B,Chicago,Member,Female,Food and beverages,696.6,731.43,2/15/2019,14:15,Credit card,4.5
533-33-5337,B,Chicago,Normal,Male,Electronic accessories,793.9,833.595,02/07/2019,20:24,Cash,6.2
325-90-8763,C,Houston,Member,Female,Electronic accessories,465.7,488.985,1/27/2019,13:58,Cash,7.6
729-46-7422,C,Houston,Normal,Male,Food and beverages,35.89,37.6845,2/23/2019,16:52,Credit card,7.9
639-76-1242,C,Houston,Normal,Male,Food and beverages,202.6,212.73,02/03/2019,15:19,Cash,4.5
234-03-4040,B,Chicago,Member,Female,Food and beverages,730.5,767.025,03/03/2019,12:25,Credit card,8.7
326-71-2155,C,Houston,Normal,Female,Sports and travel,295.8,310.59,02/03/2019,10:02,Cash,6.1
320-32-8842,C,Houston,Member,Female,Food and beverages,22.62,23.751,3/17/2019,18:58,Cash,6.4
470-32-9057,A,Nueva York,Member,Male,Food and beverages,256.7,269.535,3/28/2019,15:31,Credit card,9.1
878-30-2331,C,Houston,Member,Female,Sports and travel,545.5,572.775,03/02/2019,11:22,Credit card,7.1
440-59-5691,C,Houston,Member,Female,Health and beauty,260.05,273.0525,02/08/2019,13:12,Credit card,7.7
554-53-3790,B,Chicago,Normal,Male,Sports and travel,222.12,233.226,3/22/2019,18:33,Cash,4.5
746-19-0921,C,Houston,Normal,Male,Food and beverages,21.58,22.659,02/09/2019,10:02,Ewallet,7.2
233-34-0817,C,Houston,Member,Female,Electronic accessories,98.84,103.782,2/15/2019,11:21,Cash,8.4
767-05-1286,C,Houston,Member,Female,Home and lifestyle,502.62,527.751,1/23/2019,12:10,Ewallet,5.4
340-21-9136,A,Nueva York,Member,Female,Sports and travel,160.2,168.21,1/25/2019,11:40,Cash,9.7
405-31-3305,A,Nueva York,Member,Male,Fashion accessories,431.3,452.865,02/02/2019,18:31,Credit card,5.5
731-59-7531,B,Chicago,Member,Male,Health and beauty,580.56,609.588,3/30/2019,17:58,Cash,4.6
676-39-6028,A,Nueva York,Member,Female,Electronic accessories,322.2,338.31,3/30/2019,17:04,Cash,6.6
502-05-1910,A,Nueva York,Normal,Male,Health and beauty,195.54,205.317,2/25/2019,20:35,Credit card,6.3
485-30-8700,A,Nueva York,Normal,Female,Sports and travel,166.3,174.615,3/18/2019,16:10,Credit card,4.2
598-47-9715,C,Houston,Normal,Male,Electronic accessories,336.28,353.094,03/07/2019,16:54,Ewallet,4.4
701-69-8742,B,Chicago,Normal,Male,Sports and travel,343.7,360.885,3/16/2019,10:11,Ewallet,6.7
575-67-1508,A,Nueva York,Normal,Male,Electronic accessories,38.6,40.53,1/29/2019,11:26,Ewallet,6.7
541-08-3113,C,Houston,Normal,Male,Food and beverages,527.76,554.148,02/02/2019,20:29,Cash,8.4
246-11-3901,C,Houston,Normal,Female,Electronic accessories,328,344.4,2/15/2019,12:12,Cash,6.2
674-15-9296,A,Nueva York,Normal,Male,Sports and travel,185.7,194.985,01/08/2019,13:05,Ewallet,5
305-18-3552,B,Chicago,Member,Male,Home and lifestyle,603.8,633.99,02/12/2019,16:19,Cash,6
493-65-6248,C,Houston,Member,Female,Sports and travel,369.8,388.29,01/01/2019,19:48,Credit card,7
438-01-4015,B,Chicago,Member,Female,Sports and travel,197.96,207.858,3/21/2019,15:25,Ewallet,6.6
709-58-4068,B,Chicago,Normal,Female,Fashion accessories,410.9,431.445,2/28/2019,14:42,Cash,7.3
795-49-7276,A,Nueva York,Normal,Male,Fashion accessories,148.6,156.03,3/23/2019,18:59,Ewallet,8.3
556-72-8512,C,Houston,Normal,Male,Home and lifestyle,22.96,24.108,1/30/2019,20:47,Cash,4.3
627-95-3243,B,Chicago,Member,Female,Home and lifestyle,699.12,734.076,02/04/2019,13:21,Ewallet,9.8
686-41-0932,B,Chicago,Normal,Female,Fashion accessories,69.4,72.87,3/13/2019,19:48,Ewallet,8.2
510-09-5628,A,Nueva York,Member,Female,Fashion accessories,196.6,206.43,3/15/2019,18:20,Credit card,7.2
608-04-3797,B,Chicago,Member,Female,Health and beauty,202.56,212.688,03/05/2019,20:24,Ewallet,8.7
148-82-2527,C,Houston,Member,Female,Home and lifestyle,121.2,127.26,03/05/2019,13:44,Credit card,8.4
437-53-3084,B,Chicago,Normal,Male,Fashion accessories,199.78,209.769,2/26/2019,11:48,Ewallet,7.1
632-32-4574,B,Chicago,Normal,Male,Sports and travel,607.36,637.728,3/20/2019,14:14,Cash,5.5
556-97-7101,C,Houston,Normal,Female,Electronic accessories,126.44,132.762,01/01/2019,15:51,Cash,8.5
862-59-8517,C,Houston,Normal,Female,Food and beverages,541.44,568.512,1/27/2019,11:17,Cash,6.2
401-18-8016,B,Chicago,Member,Female,Sports and travel,98.13,103.0365,1/21/2019,17:36,Cash,8.9
420-18-8989,A,Nueva York,Member,Female,Sports and travel,412.16,432.768,02/02/2019,15:47,Cash,9.6
277-63-2961,B,Chicago,Member,Male,Sports and travel,73.97,77.6685,02/03/2019,15:53,Credit card,5.4
573-98-8548,C,Houston,Member,Female,Fashion accessories,31.9,33.495,01/05/2019,12:40,Ewallet,9.1
620-02-2046,C,Houston,Normal,Male,Home and lifestyle,138.8,145.74,1/27/2019,19:48,Ewallet,9
282-35-2475,B,Chicago,Normal,Female,Sports and travel,186.62,195.951,3/25/2019,17:53,Cash,6.3
511-54-3087,B,Chicago,Normal,Male,Sports and travel,88.45,92.8725,2/25/2019,16:36,Credit card,9.5
726-29-6793,A,Nueva York,Member,Male,Electronic accessories,193.44,203.112,1/28/2019,20:54,Ewallet,9.8
387-49-4215,B,Chicago,Member,Female,Sports and travel,145.5,152.775,01/08/2019,12:50,Cash,6.7
862-17-9201,B,Chicago,Normal,Female,Food and beverages,504.3,529.515,1/29/2019,10:48,Credit card,7.7
291-21-5991,B,Chicago,Member,Male,Health and beauty,306.45,321.7725,3/29/2019,14:28,Cash,7
602-80-9671,C,Houston,Member,Female,Home and lifestyle,95.7,100.485,02/09/2019,17:15,Credit card,5.1
347-72-6115,B,Chicago,Member,Female,Sports and travel,635.18,666.939,1/16/2019,18:03,Credit card,6.2
209-61-0206,A,Nueva York,Normal,Female,Home and lifestyle,214.55,225.2775,01/05/2019,17:29,Ewallet,6.1
595-27-4851,A,Nueva York,Normal,Female,Fashion accessories,379.96,398.958,1/27/2019,18:05,Ewallet,9.3
189-52-0236,A,Nueva York,Normal,Male,Electronic accessories,696.85,731.6925,3/14/2019,12:07,Cash,7.6
503-07-0930,C,Houston,Member,Male,Sports and travel,408.73,429.1665,2/23/2019,19:49,Credit card,8.2
413-20-6708,C,Houston,Member,Female,Fashion accessories,51.47,54.0435,3/18/2019,15:52,Ewallet,8.5
425-85-2085,B,Chicago,Member,Male,Health and beauty,274.3,288.015,3/29/2019,16:48,Ewallet,9.8
521-18-7827,C,Houston,Member,Male,Home and lifestyle,196.95,206.7975,1/22/2019,20:46,Credit card,8.7
220-28-1851,A,Nueva York,Normal,Male,Home and lifestyle,69.46,72.933,03/01/2019,18:14,Ewallet,9.7
600-38-9738,C,Houston,Member,Male,Sports and travel,359.6,377.58,1/17/2019,15:05,Credit card,4.3
734-91-1155,B,Chicago,Normal,Female,Electronic accessories,137.13,143.9865,3/26/2019,10:34,Credit card,7.7
451-28-5717,C,Houston,Member,Female,Home and lifestyle,499.02,523.971,3/20/2019,11:23,Cash,7.3
609-81-8548,A,Nueva York,Member,Female,Home and lifestyle,224.64,235.872,02/06/2019,13:55,Credit card,5.9
133-14-7229,C,Houston,Normal,Male,Health and beauty,125.74,132.027,01/01/2019,11:43,Cash,5
534-01-4457,A,Nueva York,Normal,Male,Food and beverages,490.26,514.773,1/27/2019,14:36,Credit card,8
719-89-8991,A,Nueva York,Member,Female,Sports and travel,457.05,479.9025,2/25/2019,16:03,Ewallet,7.1
286-62-6248,B,Chicago,Normal,Male,Fashion accessories,156.84,164.682,1/16/2019,20:03,Credit card,9
339-38-9982,B,Chicago,Member,Male,Fashion accessories,119.72,125.706,1/13/2019,14:55,Ewallet,6.7
827-44-5872,B,Chicago,Member,Female,Food and beverages,543.6,570.78,02/07/2019,11:28,Credit card,6.1
827-77-7633,A,Nueva York,Normal,Male,Sports and travel,882.81,926.9505,2/17/2019,19:41,Cash,9.3
287-83-1405,A,Nueva York,Normal,Male,Health and beauty,152.58,160.209,02/12/2019,19:01,Ewallet,7
435-13-4908,A,Nueva York,Member,Male,Fashion accessories,693.44,728.112,1/24/2019,18:04,Credit card,7.2
857-67-9057,B,Chicago,Normal,Male,Electronic accessories,229.5,240.975,02/06/2019,19:20,Ewallet,8.2
236-27-1144,C,Houston,Normal,Female,Food and beverages,146.79,154.1295,3/26/2019,10:31,Ewallet,8.4
892-05-6689,A,Nueva York,Normal,Female,Home and lifestyle,141.6,148.68,03/11/2019,13:28,Ewallet,6.2
583-41-4548,C,Houston,Normal,Male,Home and lifestyle,116.69,122.5245,02/07/2019,11:36,Ewallet,7.4
339-12-4827,B,Chicago,Member,Female,Fashion accessories,73.96,77.658,01/05/2019,11:32,Credit card,5
643-38-7867,A,Nueva York,Normal,Male,Home and lifestyle,97.94,102.837,03/07/2019,11:44,Ewallet,6.9
308-81-0538,A,Nueva York,Normal,Female,Fashion accessories,292.2,306.81,2/25/2019,17:16,Credit card,4.9
358-88-9262,C,Houston,Member,Female,Food and beverages,524.88,551.124,02/01/2019,18:43,Ewallet,5.1
460-35-4390,A,Nueva York,Normal,Male,Home and lifestyle,92.04,96.642,1/22/2019,11:00,Ewallet,9.1
343-87-0864,C,Houston,Member,Male,Health and beauty,75.88,79.674,01/03/2019,10:30,Credit card,7.1
173-50-1108,B,Chicago,Member,Female,Sports and travel,80.72,84.756,2/13/2019,12:14,Credit card,5
243-47-2663,C,Houston,Member,Male,Electronic accessories,112.62,118.251,1/28/2019,16:43,Credit card,5.5
841-18-8232,B,Chicago,Normal,Female,Food and beverages,71.2,74.76,01/05/2019,20:40,Credit card,9.2
701-23-5550,B,Chicago,Member,Male,Home and lifestyle,155.24,163.002,3/19/2019,13:40,Ewallet,4.9
647-50-1224,A,Nueva York,Normal,Female,Fashion accessories,294.2,308.91,01/12/2019,16:23,Ewallet,8.9
541-48-8554,A,Nueva York,Normal,Male,Sports and travel,548.55,575.9775,01/07/2019,12:08,Credit card,6
539-21-7227,B,Chicago,Normal,Female,Sports and travel,257.7,270.585,1/26/2019,17:45,Cash,4.2
213-32-1216,A,Nueva York,Normal,Female,Electronic accessories,396.36,416.178,1/23/2019,10:28,Cash,7.3
747-58-7183,B,Chicago,Normal,Male,Fashion accessories,171.81,180.4005,02/09/2019,20:31,Ewallet,6.5
582-52-8065,B,Chicago,Normal,Female,Fashion accessories,488.79,513.2295,2/22/2019,10:49,Cash,8.9
210-57-1719,B,Chicago,Normal,Female,Health and beauty,524.16,550.368,02/05/2019,12:34,Cash,9.7
399-69-4630,C,Houston,Normal,Male,Electronic accessories,133.26,139.923,03/07/2019,10:23,Credit card,8.6
134-75-2619,A,Nueva York,Member,Male,Electronic accessories,135.24,142.002,3/25/2019,18:51,Cash,6.9
356-44-8813,B,Chicago,Normal,Male,Home and lifestyle,112.44,118.062,1/20/2019,13:45,Credit card,7.7
198-66-9832,B,Chicago,Member,Female,Fashion accessories,144.08,151.284,02/04/2019,19:38,Cash,9.5
283-26-5248,C,Houston,Member,Female,Food and beverages,985.2,1034.46,1/30/2019,20:23,Ewallet,4.5
712-39-0363,A,Nueva York,Member,Male,Food and beverages,249.96,262.458,01/02/2019,15:24,Ewallet,5.6
218-59-9410,A,Nueva York,Member,Female,Home and lifestyle,217.26,228.123,3/29/2019,16:54,Ewallet,8.2
174-75-0888,B,Chicago,Normal,Male,Electronic accessories,194.22,203.931,3/14/2019,12:32,Cash,7.3
866-99-7614,C,Houston,Normal,Male,Food and beverages,892,936.6,02/11/2019,15:42,Credit card,4.4
134-54-4720,B,Chicago,Normal,Female,Electronic accessories,339.36,356.328,1/30/2019,13:58,Ewallet,5.7
760-90-2357,A,Nueva York,Member,Male,Electronic accessories,447.06,469.413,3/20/2019,15:08,Ewallet,5
514-37-2845,B,Chicago,Normal,Male,Fashion accessories,198.5,208.425,3/20/2019,13:02,Cash,9
698-98-5964,A,Nueva York,Normal,Female,Food and beverages,812.1,852.705,1/17/2019,13:01,Credit card,6.3
718-57-9773,C,Houston,Normal,Female,Sports and travel,493.3,517.965,02/03/2019,16:40,Credit card,9.4
651-88-7328,A,Nueva York,Normal,Female,Fashion accessories,591.66,621.243,01/01/2019,13:55,Cash,7.7
241-11-2261,B,Chicago,Normal,Female,Fashion accessories,559.02,586.971,01/10/2019,10:33,Credit card,5.5
408-26-9866,C,Houston,Normal,Female,Sports and travel,517.86,543.753,03/02/2019,16:42,Ewallet,4.1
834-83-1826,B,Chicago,Member,Female,Home and lifestyle,410.2,430.71,2/25/2019,17:16,Credit card,7.6
343-61-3544,B,Chicago,Member,Male,Sports and travel,266.7,280.035,1/29/2019,11:48,Cash,8.6
239-48-4278,A,Nueva York,Member,Male,Food and beverages,70.91,74.4555,03/10/2019,19:35,Ewallet,8.3
355-34-6244,B,Chicago,Normal,Male,Food and beverages,144.78,152.019,1/13/2019,19:55,Credit card,8.1
550-84-8664,A,Nueva York,Normal,Male,Sports and travel,429.55,451.0275,3/22/2019,14:33,Credit card,8.6
339-96-8318,B,Chicago,Member,Male,Fashion accessories,569.17,597.6285,03/01/2019,19:49,Ewallet,6.3
458-61-0011,B,Chicago,Normal,Male,Food and beverages,241.2,253.26,2/20/2019,18:43,Cash,5.8
592-34-6155,C,Houston,Normal,Male,Food and beverages,127.08,133.434,1/14/2019,14:43,Ewallet,6.2
797-88-0493,A,Nueva York,Normal,Female,Health and beauty,257.08,269.934,3/26/2019,13:54,Cash,7.7
207-73-1363,B,Chicago,Normal,Male,Health and beauty,139.02,145.971,03/01/2019,12:15,Ewallet,8.1
390-31-6381,C,Houston,Normal,Male,Food and beverages,81.66,85.743,01/07/2019,12:37,Cash,7.3
443-82-0585,A,Nueva York,Member,Female,Health and beauty,310.72,326.256,02/01/2019,19:54,Cash,8.4
339-18-7061,C,Houston,Member,Female,Fashion accessories,185.96,195.258,2/13/2019,15:06,Credit card,8
359-90-3665,B,Chicago,Member,Female,Fashion accessories,72.32,75.936,1/14/2019,18:03,Credit card,9.5
375-72-3056,B,Chicago,Normal,Male,Sports and travel,189.18,198.639,1/19/2019,15:58,Ewallet,7
127-47-6963,A,Nueva York,Normal,Male,Health and beauty,206.84,217.182,03/09/2019,13:53,Credit card,9.8
278-86-2735,A,Nueva York,Normal,Female,Food and beverages,157.02,164.871,3/27/2019,14:03,Cash,9.2
695-28-6250,A,Nueva York,Normal,Female,Sports and travel,215.3,226.065,02/04/2019,16:38,Ewallet,7.7
379-17-6588,C,Houston,Normal,Male,Fashion accessories,596.1,625.905,3/14/2019,11:07,Cash,5.3
227-50-3718,A,Nueva York,Normal,Male,Health and beauty,73.1,76.755,03/04/2019,12:23,Cash,4.4
302-15-2162,C,Houston,Member,Male,Health and beauty,279.18,293.139,03/03/2019,10:54,Credit card,4.3
788-07-8452,C,Houston,Member,Female,Home and lifestyle,169.68,178.164,1/27/2019,17:38,Ewallet,9.4
560-49-6611,A,Nueva York,Member,Female,Sports and travel,45.58,47.859,02/07/2019,14:13,Cash,9.8
880-35-0356,A,Nueva York,Member,Female,Sports and travel,225.6,236.88,02/05/2019,11:51,Ewallet,4.8
585-11-6748,B,Chicago,Member,Male,Sports and travel,290.4,304.92,3/15/2019,13:05,Cash,5.3
470-31-3286,B,Chicago,Normal,Male,Health and beauty,44.46,46.683,03/01/2019,11:30,Credit card,8.7
152-68-2907,A,Nueva York,Normal,Male,Food and beverages,156.6,164.43,2/15/2019,13:30,Credit card,9.5
123-35-4896,C,Houston,Normal,Female,Sports and travel,419.94,440.937,2/17/2019,19:11,Ewallet,5.3
258-69-7810,C,Houston,Normal,Female,Fashion accessories,184.25,193.4625,1/26/2019,18:53,Cash,9.2
334-64-2006,A,Nueva York,Member,Female,Home and lifestyle,140.64,147.672,3/24/2019,14:22,Ewallet,9.6
219-61-4139,C,Houston,Normal,Male,Electronic accessories,83.08,87.234,1/23/2019,17:16,Ewallet,6.4
881-41-7302,C,Houston,Normal,Female,Fashion accessories,64.99,68.2395,1/26/2019,10:06,Credit card,4.5
373-09-4567,C,Houston,Normal,Male,Food and beverages,775.6,814.38,3/14/2019,20:35,Ewallet,6.9
642-30-6693,B,Chicago,Normal,Female,Sports and travel,327.06,343.413,3/17/2019,13:54,Ewallet,7.8
484-22-8230,C,Houston,Member,Female,Fashion accessories,363.23,381.3915,01/08/2019,20:08,Cash,4.5
830-58-2383,B,Chicago,Normal,Male,Home and lifestyle,127,133.35,02/08/2019,15:26,Cash,8.6
559-98-9873,A,Nueva York,Member,Female,Fashion accessories,375.55,394.3275,02/10/2019,12:56,Ewallet,5.2
544-32-5024,C,Houston,Member,Female,Food and beverages,199.16,209.118,3/28/2019,19:16,Credit card,6.4
318-12-0304,A,Nueva York,Normal,Male,Fashion accessories,30.61,32.1405,1/23/2019,12:20,Ewallet,5.2
349-97-8902,B,Chicago,Member,Male,Food and beverages,115.78,121.569,1/17/2019,10:37,Ewallet,8.9
421-95-9805,A,Nueva York,Normal,Female,Electronic accessories,28.96,30.408,02/07/2019,10:18,Credit card,6.2
277-35-5865,C,Houston,Member,Female,Food and beverages,890.73,935.2665,03/09/2019,11:23,Cash,6.7
789-23-8625,B,Chicago,Member,Male,Fashion accessories,279.66,293.643,1/24/2019,11:45,Cash,7.2
284-54-4231,C,Houston,Member,Male,Sports and travel,80.93,84.9765,1/19/2019,16:08,Credit card,9
443-59-0061,A,Nueva York,Member,Male,Food and beverages,674.5,708.225,02/03/2019,11:25,Ewallet,4.2
509-29-3912,A,Nueva York,Member,Female,Sports and travel,348.48,365.904,3/20/2019,12:24,Ewallet,4.2
327-40-9673,B,Chicago,Member,Male,Sports and travel,435.6,457.38,1/13/2019,19:51,Cash,6.9
840-19-2096,C,Houston,Member,Male,Electronic accessories,439.55,461.5275,3/14/2019,18:10,Ewallet,4.4
828-46-6863,A,Nueva York,Member,Male,Food and beverages,591.18,620.739,1/23/2019,11:22,Credit card,4
641-96-3695,C,Houston,Member,Female,Fashion accessories,260.76,273.798,02/07/2019,17:55,Ewallet,8.5
420-97-3340,A,Nueva York,Normal,Female,Food and beverages,215.04,225.792,3/28/2019,15:30,Credit card,9.2
436-54-4512,A,Nueva York,Member,Female,Food and beverages,91.61,96.1905,3/20/2019,19:44,Cash,9.8
670-79-6321,B,Chicago,Member,Female,Home and lifestyle,662.13,695.2365,1/17/2019,15:27,Credit card,4.9
852-62-7105,B,Chicago,Normal,Female,Fashion accessories,832.5,874.125,01/12/2019,11:25,Credit card,4.4
598-06-7312,B,Chicago,Member,Male,Fashion accessories,91.35,95.9175,2/16/2019,15:42,Cash,6.8
135-13-8269,B,Chicago,Member,Female,Food and beverages,157.76,165.648,1/26/2019,16:04,Cash,9.1
816-57-2053,A,Nueva York,Normal,Male,Sports and travel,121.74,127.827,03/09/2019,12:37,Ewallet,8.7
628-90-8624,B,Chicago,Member,Male,Health and beauty,825.8,867.09,3/14/2019,14:41,Cash,5
856-66-2701,A,Nueva York,Member,Male,Home and lifestyle,159.9,167.895,1/25/2019,14:19,Ewallet,7.5
308-39-1707,A,Nueva York,Normal,Female,Fashion accessories,12.09,12.6945,1/26/2019,18:19,Credit card,8.2
149-61-1929,A,Nueva York,Normal,Male,Sports and travel,641.9,673.995,1/19/2019,14:08,Credit card,6.7
655-07-2265,A,Nueva York,Normal,Male,Electronic accessories,234.93,246.6765,03/05/2019,16:38,Ewallet,5.4
589-02-8023,A,Nueva York,Member,Male,Food and beverages,167.54,175.917,1/15/2019,10:54,Credit card,7
420-04-7590,B,Chicago,Normal,Male,Home and lifestyle,299.1,314.055,3/18/2019,11:29,Ewallet,4.7
182-88-2763,B,Chicago,Member,Male,Food and beverages,239.73,251.7165,3/20/2019,19:28,Credit card,5
188-55-0967,B,Chicago,Member,Male,Health and beauty,664.7,697.935,1/15/2019,15:01,Credit card,5
610-46-4100,A,Nueva York,Normal,Male,Health and beauty,202.65,212.7825,03/03/2019,20:31,Credit card,6
318-81-2368,C,Houston,Normal,Female,Electronic accessories,46.2,48.51,3/19/2019,12:16,Cash,6.3
364-33-8584,B,Chicago,Member,Female,Food and beverages,88.15,92.5575,03/08/2019,15:27,Cash,8.5
665-63-9737,B,Chicago,Normal,Male,Fashion accessories,157.26,165.123,2/27/2019,17:36,Ewallet,7.5
695-09-5146,B,Chicago,Member,Female,Food and beverages,296.37,311.1885,2/23/2019,20:00,Ewallet,6.4
155-45-3814,C,Houston,Member,Female,Electronic accessories,708.4,743.82,3/19/2019,15:29,Ewallet,4.7
794-32-2436,B,Chicago,Member,Male,Electronic accessories,111.34,116.907,3/27/2019,15:08,Ewallet,6
131-15-8856,C,Houston,Member,Female,Food and beverages,580.16,609.168,3/30/2019,19:26,Credit card,4
273-84-2164,C,Houston,Member,Male,Electronic accessories,60.25,63.2625,2/16/2019,15:53,Ewallet,5.5
706-36-6154,A,Nueva York,Member,Male,Home and lifestyle,174.24,182.952,1/18/2019,18:43,Ewallet,8.7
778-89-7974,C,Houston,Normal,Male,Health and beauty,421.26,442.323,3/30/2019,14:58,Cash,7.4
574-31-8277,B,Chicago,Member,Male,Fashion accessories,33.63,35.3115,3/20/2019,19:55,Cash,5.6
859-71-0933,C,Houston,Member,Female,Sports and travel,30.98,32.529,1/16/2019,15:10,Cash,6.3
740-11-5257,C,Houston,Normal,Male,Electronic accessories,247.4,259.77,2/24/2019,16:44,Cash,7.1
369-82-2676,B,Chicago,Normal,Male,Electronic accessories,378.3,397.215,1/15/2019,18:22,Ewallet,7.8
563-47-4072,B,Chicago,Normal,Female,Health and beauty,334.86,351.603,1/22/2019,11:52,Cash,9.9
742-04-5161,A,Nueva York,Member,Male,Home and lifestyle,727.8,764.19,02/03/2019,17:24,Cash,7.3
149-15-7606,B,Chicago,Member,Male,Sports and travel,335.88,352.674,03/06/2019,15:31,Ewallet,5.1
133-77-3154,B,Chicago,Member,Male,Fashion accessories,240.72,252.756,2/16/2019,18:04,Credit card,9.4
169-52-4504,A,Nueva York,Normal,Female,Electronic accessories,47.07,49.4235,3/14/2019,14:13,Credit card,5.8
250-81-7186,C,Houston,Normal,Female,Electronic accessories,99.69,104.6745,2/27/2019,10:23,Credit card,8
562-12-5430,A,Nueva York,Member,Female,Fashion accessories,264.45,277.6725,1/18/2019,10:11,Ewallet,7.9
816-72-8853,A,Nueva York,Member,Female,Sports and travel,139.65,146.6325,1/29/2019,15:48,Cash,5.9
491-38-3499,A,Nueva York,Member,Male,Fashion accessories,55.45,58.2225,2/26/2019,17:46,Credit card,4.9
322-02-2271,B,Chicago,Normal,Female,Sports and travel,128.91,135.3555,02/03/2019,11:46,Cash,9.3
842-29-4695,C,Houston,Member,Male,Sports and travel,119.98,125.979,1/16/2019,12:07,Credit card,7.9
725-67-2480,B,Chicago,Member,Female,Fashion accessories,352.5,370.125,3/24/2019,18:14,Credit card,5.9
641-51-2661,C,Houston,Member,Female,Food and beverages,871,914.55,02/12/2019,14:45,Credit card,9.9
714-02-3114,C,Houston,Normal,Female,Sports and travel,197.6,207.48,2/21/2019,11:39,Cash,7.7
518-17-2983,A,Nueva York,Normal,Female,Fashion accessories,194.52,204.246,02/04/2019,15:44,Ewallet,7.6
779-42-2410,B,Chicago,Member,Male,Food and beverages,173.22,181.881,2/20/2019,13:06,Ewallet,7.7
190-14-3147,B,Chicago,Normal,Female,Health and beauty,71.88,75.474,2/23/2019,20:43,Ewallet,6.4
408-66-6712,C,Houston,Member,Female,Health and beauty,286.26,300.573,2/16/2019,14:19,Ewallet,4.4
679-22-6530,B,Chicago,Normal,Female,Sports and travel,81.24,85.302,1/17/2019,10:01,Credit card,4.1
588-47-8641,A,Nueva York,Member,Male,Fashion accessories,560.4,588.42,1/14/2019,19:30,Ewallet,4.4
642-61-4706,B,Chicago,Member,Male,Food and beverages,186.8,196.14,3/30/2019,16:34,Cash,5.5
576-31-4774,B,Chicago,Normal,Female,Health and beauty,220.23,231.2415,03/02/2019,13:10,Ewallet,4
556-41-6224,C,Houston,Normal,Male,Health and beauty,269.12,282.576,2/15/2019,17:10,Credit card,9.3
811-03-8790,A,Nueva York,Normal,Female,Electronic accessories,454.8,477.54,03/01/2019,10:22,Credit card,4.8
242-11-3142,B,Chicago,Member,Male,Fashion accessories,167.54,175.917,2/24/2019,19:57,Cash,4.6
752-23-3760,B,Chicago,Member,Female,Sports and travel,448.56,470.988,2/19/2019,19:29,Credit card,7.3
274-05-5470,A,Nueva York,Member,Female,Food and beverages,293.88,308.574,2/23/2019,18:30,Cash,6
648-94-3045,C,Houston,Normal,Male,Health and beauty,589.5,618.975,02/07/2019,14:27,Ewallet,8.1
130-67-4723,A,Nueva York,Member,Male,Food and beverages,291,305.55,01/11/2019,13:57,Ewallet,9.4
528-87-5606,B,Chicago,Member,Female,Electronic accessories,39.48,41.454,02/12/2019,19:43,Cash,6.5
320-85-2052,B,Chicago,Normal,Female,Sports and travel,34.81,36.5505,1/14/2019,10:11,Credit card,7
370-96-0655,C,Houston,Normal,Female,Fashion accessories,295.92,310.716,01/09/2019,13:46,Ewallet,7.1
105-10-6182,A,Nueva York,Member,Male,Fashion accessories,42.96,45.108,2/27/2019,12:22,Ewallet,6.6
510-79-0415,B,Chicago,Member,Female,Sports and travel,138.48,145.404,1/24/2019,19:20,Ewallet,4.9
241-96-5076,B,Chicago,Member,Female,Home and lifestyle,98.2,103.11,01/08/2019,12:58,Credit card,6.4
767-97-4650,B,Chicago,Member,Female,Sports and travel,129.66,136.143,01/08/2019,11:59,Credit card,8
648-83-1321,A,Nueva York,Member,Male,Home and lifestyle,635.6,667.38,1/16/2019,17:59,Cash,4.3
173-57-2300,C,Houston,Member,Male,Sports and travel,145.76,153.048,3/13/2019,12:51,Cash,6.1
305-03-2383,A,Nueva York,Normal,Female,Food and beverages,201.3,211.365,2/15/2019,10:36,Cash,7.5
394-55-6384,C,Houston,Member,Female,Sports and travel,631.71,663.2955,1/25/2019,13:38,Cash,6.7
266-20-6657,C,Houston,Member,Male,Food and beverages,385.28,404.544,03/12/2019,19:39,Ewallet,5.2
689-05-1884,A,Nueva York,Member,Male,Health and beauty,486.3,510.615,03/04/2019,12:44,Cash,8.8
196-01-2849,C,Houston,Member,Female,Fashion accessories,513.66,539.343,02/10/2019,13:56,Cash,9.5
372-62-5264,C,Houston,Normal,Female,Food and beverages,473.4,497.07,1/16/2019,14:42,Cash,7.6
800-09-8606,A,Nueva York,Member,Female,Home and lifestyle,436.85,458.6925,1/29/2019,19:45,Cash,6.6
182-52-7000,A,Nueva York,Member,Female,Sports and travel,108.16,113.568,01/01/2019,20:26,Ewallet,6.9
826-58-8051,B,Chicago,Normal,Male,Home and lifestyle,248.76,261.198,01/06/2019,19:46,Ewallet,4.3
868-06-0466,A,Nueva York,Member,Male,Electronic accessories,626.22,657.531,2/19/2019,19:38,Credit card,7.8
751-41-9720,C,Houston,Normal,Male,Home and lifestyle,975,1023.75,01/12/2019,16:18,Ewallet,8
626-43-7888,C,Houston,Normal,Female,Fashion accessories,483.28,507.444,02/07/2019,12:23,Ewallet,9.6
176-64-7711,B,Chicago,Normal,Male,Food and beverages,96.96,101.808,3/27/2019,19:11,Credit card,4.3
191-29-0321,B,Chicago,Member,Female,Fashion accessories,197.7,207.585,2/27/2019,18:57,Credit card,5
729-06-2010,B,Chicago,Member,Male,Health and beauty,724.23,760.4415,01/06/2019,11:18,Cash,9.2
640-48-5028,B,Chicago,Member,Female,Home and lifestyle,795.51,835.2855,03/02/2019,12:40,Cash,6.3
186-79-9562,B,Chicago,Normal,Male,Health and beauty,502.39,527.5095,3/29/2019,14:06,Cash,8.9
834-45-5519,B,Chicago,Normal,Female,Electronic accessories,172,180.6,1/31/2019,20:48,Ewallet,7.6
162-65-8559,C,Houston,Member,Male,Food and beverages,68.98,72.429,1/21/2019,20:13,Cash,4.8
760-27-5490,C,Houston,Normal,Male,Fashion accessories,124.96,131.208,1/20/2019,20:37,Ewallet,9.1
445-30-9252,A,Nueva York,Normal,Male,Sports and travel,77.1,80.955,1/17/2019,17:59,Ewallet,6.1
786-94-2700,A,Nueva York,Member,Male,Food and beverages,483.72,507.906,2/28/2019,20:18,Cash,9.1
728-88-7867,C,Houston,Member,Female,Home and lifestyle,302.12,317.226,3/19/2019,15:52,Ewallet,8.3
183-21-3799,C,Houston,Normal,Female,Electronic accessories,698.67,733.6035,2/19/2019,15:14,Ewallet,7.2
268-20-3585,C,Houston,Normal,Female,Health and beauty,124.65,130.8825,02/04/2019,12:50,Ewallet,6
735-32-9839,C,Houston,Member,Male,Fashion accessories,789.6,829.08,1/31/2019,10:36,Ewallet,8.5
258-92-7466,A,Nueva York,Normal,Female,Health and beauty,178.4,187.32,02/06/2019,18:33,Credit card,6.6
857-16-3520,A,Nueva York,Member,Female,Fashion accessories,500.22,525.231,3/28/2019,16:06,Ewallet,4.5
482-17-1179,A,Nueva York,Member,Male,Electronic accessories,35.82,37.611,1/19/2019,12:47,Credit card,8.1
788-21-5741,A,Nueva York,Normal,Male,Fashion accessories,136.14,142.947,2/17/2019,13:34,Credit card,7.2
821-14-9046,B,Chicago,Member,Female,Fashion accessories,104.88,110.124,1/18/2019,15:04,Credit card,6.1
418-05-0656,B,Chicago,Normal,Female,Fashion accessories,178.92,187.866,02/02/2019,20:42,Cash,7.1
678-79-0726,C,Houston,Member,Female,Sports and travel,815.67,856.4535,1/18/2019,15:28,Cash,5.1
776-68-1096,B,Chicago,Normal,Male,Home and lifestyle,132.36,138.978,3/18/2019,13:45,Credit card,7.9
592-46-1692,C,Houston,Member,Female,Food and beverages,257.39,270.2595,01/11/2019,20:10,Cash,7.4
434-35-9162,B,Chicago,Member,Male,Food and beverages,93.36,98.028,02/04/2019,18:53,Ewallet,7.4
149-14-0304,C,Houston,Member,Female,Health and beauty,228,239.4,02/06/2019,14:24,Cash,6.6
442-44-6497,C,Houston,Member,Male,Home and lifestyle,166.71,175.0455,01/08/2019,11:42,Credit card,5.9
174-64-0215,B,Chicago,Normal,Male,Sports and travel,697.4,732.27,03/05/2019,17:49,Credit card,8.9
210-74-9613,C,Houston,Normal,Male,Fashion accessories,389.04,408.492,3/16/2019,15:33,Ewallet,6.8
299-29-0180,B,Chicago,Member,Female,Home and lifestyle,365.26,383.523,03/09/2019,10:54,Cash,9.3
247-11-2470,A,Nueva York,Member,Female,Fashion accessories,89.28,93.744,03/01/2019,16:23,Credit card,4.4
635-28-5728,A,Nueva York,Normal,Male,Health and beauty,168,176.4,2/28/2019,19:33,Ewallet,4.8
756-49-0168,A,Nueva York,Member,Male,Fashion accessories,19.7,20.685,02/08/2019,11:39,Ewallet,9.5
438-23-1242,B,Chicago,Normal,Male,Electronic accessories,531.16,557.718,1/24/2019,10:38,Ewallet,8.9
238-45-6950,B,Chicago,Member,Male,Food and beverages,53.72,56.406,03/01/2019,20:03,Ewallet,6.4
607-65-2441,C,Houston,Member,Male,Health and beauty,819.5,860.475,03/10/2019,12:39,Credit card,6
386-27-7606,C,Houston,Member,Female,Home and lifestyle,568.4,596.82,3/23/2019,15:59,Credit card,8.1
137-63-5492,C,Houston,Normal,Male,Electronic accessories,587.6,616.98,1/29/2019,14:26,Ewallet,9
197-77-7132,B,Chicago,Member,Male,Electronic accessories,732.48,769.104,01/12/2019,18:22,Ewallet,6
805-86-0265,A,Nueva York,Normal,Male,Home and lifestyle,845.64,887.922,3/20/2019,11:32,Cash,9.8
733-29-1227,C,Houston,Normal,Male,Home and lifestyle,389.27,408.7335,3/23/2019,12:41,Cash,8.5
451-73-2711,C,Houston,Normal,Male,Food and beverages,84.83,89.0715,1/14/2019,15:20,Ewallet,8.8
373-14-0504,A,Nueva York,Member,Female,Sports and travel,143.26,150.423,02/12/2019,14:33,Ewallet,8.8
546-80-2899,A,Nueva York,Member,Male,Home and lifestyle,75.38,79.149,2/20/2019,15:29,Ewallet,9.5
345-68-9016,C,Houston,Member,Female,Sports and travel,253.36,266.028,01/02/2019,16:19,Credit card,5.6
390-17-5806,C,Houston,Member,Female,Food and beverages,38.42,40.341,02/02/2019,16:33,Cash,8.6
457-13-1708,B,Chicago,Member,Male,Fashion accessories,652.3,684.915,01/08/2019,19:07,Credit card,5.2
664-14-2882,C,Houston,Member,Female,Home and lifestyle,52.65,55.2825,1/30/2019,14:43,Credit card,5.8
487-79-6868,B,Chicago,Member,Female,Home and lifestyle,110.61,116.1405,3/26/2019,19:28,Credit card,8
314-23-4520,C,Houston,Member,Male,Health and beauty,568.61,597.0405,1/15/2019,20:44,Cash,9
210-30-7976,B,Chicago,Member,Female,Fashion accessories,89.28,93.744,3/14/2019,11:16,Ewallet,4.1
585-86-8361,A,Nueva York,Normal,Female,Food and beverages,136.4,143.22,02/03/2019,10:31,Credit card,8.6
807-14-7833,A,Nueva York,Member,Female,Electronic accessories,174.2,182.91,2/22/2019,12:30,Ewallet,7
775-72-1988,B,Chicago,Normal,Male,Home and lifestyle,366.4,384.72,1/24/2019,15:05,Ewallet,8.4
288-38-3758,C,Houston,Member,Female,Fashion accessories,254.61,267.3405,1/25/2019,18:30,Ewallet,7.4
652-43-6591,A,Nueva York,Normal,Female,Fashion accessories,778.32,817.236,03/09/2019,13:18,Credit card,6.2
785-96-0615,B,Chicago,Member,Female,Electronic accessories,285.92,300.216,2/17/2019,15:28,Ewallet,4.9
406-46-7107,A,Nueva York,Normal,Female,Home and lifestyle,579.12,608.076,01/11/2019,11:52,Cash,4.5
250-17-5703,A,Nueva York,Member,Male,Food and beverages,188.5,197.925,2/27/2019,18:24,Ewallet,5.6
156-95-3964,A,Nueva York,Normal,Female,Food and beverages,221.56,232.638,3/25/2019,15:19,Ewallet,8
842-40-8179,B,Chicago,Member,Female,Food and beverages,772,810.6,02/11/2019,10:38,Credit card,5.6
525-09-8450,B,Chicago,Normal,Male,Electronic accessories,721.3,757.365,1/31/2019,15:12,Credit card,4.2
410-67-1709,A,Nueva York,Member,Female,Fashion accessories,511.04,536.592,1/20/2019,17:48,Ewallet,9.9
587-73-4862,A,Nueva York,Member,Female,Health and beauty,53.45,56.1225,3/26/2019,11:07,Ewallet,7.6
787-87-2010,A,Nueva York,Member,Male,Health and beauty,222,233.1,1/20/2019,15:48,Credit card,6.6
593-14-4239,B,Chicago,Normal,Female,Home and lifestyle,763.68,801.864,03/05/2019,19:40,Ewallet,4.7
801-88-0346,C,Houston,Normal,Female,Fashion accessories,228.18,239.589,01/05/2019,20:30,Credit card,9.8
388-76-2555,B,Chicago,Normal,Male,Sports and travel,82.14,86.247,2/13/2019,13:59,Cash,6.3
711-31-1234,B,Chicago,Normal,Female,Electronic accessories,382.56,401.688,3/16/2019,18:51,Cash,7.9
886-54-6089,A,Nueva York,Normal,Female,Home and lifestyle,68.58,72.009,1/15/2019,17:24,Cash,7.7
707-32-7409,B,Chicago,Member,Female,Sports and travel,382.16,401.268,2/26/2019,11:58,Ewallet,4.5
759-98-4285,C,Houston,Member,Female,Health and beauty,601.09,631.1445,2/27/2019,19:01,Credit card,8
201-63-8275,C,Houston,Member,Female,Sports and travel,475.93,499.7265,2/17/2019,16:50,Ewallet,5.7
471-06-8611,C,Houston,Normal,Female,Food and beverages,52.42,55.041,02/06/2019,10:22,Credit card,6.3
200-16-5952,C,Houston,Member,Male,Food and beverages,131.3,137.865,1/17/2019,16:46,Cash,6
120-54-2248,B,Chicago,Normal,Female,Food and beverages,144.3,151.515,1/22/2019,18:08,Credit card,8
102-77-2261,C,Houston,Member,Male,Health and beauty,457.17,480.0285,03/05/2019,18:02,Credit card,4.2
875-31-8302,B,Chicago,Normal,Male,Sports and travel,93.38,98.049,01/03/2019,13:07,Cash,9.6
102-06-2002,C,Houston,Member,Male,Sports and travel,126.25,132.5625,3/20/2019,17:52,Cash,6.1
457-94-0464,B,Chicago,Member,Male,Electronic accessories,790.83,830.3715,1/31/2019,20:32,Ewallet,5.6
629-42-4133,C,Houston,Normal,Male,Health and beauty,174.4,183.12,2/19/2019,19:24,Cash,8.3
534-53-3526,A,Nueva York,Normal,Female,Sports and travel,379.04,397.992,02/11/2019,16:06,Ewallet,7.8
307-04-2070,A,Nueva York,Member,Female,Fashion accessories,30.62,32.151,02/05/2019,14:14,Credit card,4.1
468-99-7231,C,Houston,Normal,Female,Home and lifestyle,352.08,369.684,03/03/2019,17:36,Cash,8.8
516-77-6464,C,Houston,Member,Female,Health and beauty,50.8,53.34,2/24/2019,13:08,Ewallet,4.1
404-91-5964,A,Nueva York,Normal,Male,Electronic accessories,522.06,548.163,02/04/2019,16:09,Credit card,9
886-77-9084,C,Houston,Normal,Male,Electronic accessories,575.12,603.876,2/19/2019,11:33,Ewallet,5.5
790-38-4466,C,Houston,Normal,Female,Health and beauty,54.95,57.6975,1/23/2019,10:18,Credit card,9.3
704-10-4056,C,Houston,Member,Male,Health and beauty,181.41,190.4805,1/14/2019,10:55,Credit card,5.6
497-37-6538,A,Nueva York,Normal,Male,Sports and travel,412.37,432.9885,1/17/2019,15:15,Ewallet,9.7
651-96-5970,A,Nueva York,Normal,Male,Fashion accessories,46.41,48.7305,03/03/2019,20:06,Credit card,4
400-80-4065,C,Houston,Member,Male,Health and beauty,274.2,287.91,2/15/2019,20:21,Credit card,9.2
744-16-7898,B,Chicago,Normal,Female,Home and lifestyle,973.7,1022.385,1/15/2019,13:48,Credit card,4.9
263-12-5321,A,Nueva York,Member,Male,Electronic accessories,648.2,680.61,2/27/2019,12:52,Credit card,9.3
702-72-0487,A,Nueva York,Normal,Female,Electronic accessories,93.22,97.881,2/26/2019,12:28,Credit card,6.6
605-83-1050,B,Chicago,Normal,Male,Fashion accessories,54.36,57.078,3/15/2019,16:26,Ewallet,4.3
443-60-9639,C,Houston,Member,Female,Home and lifestyle,60.87,63.9135,1/24/2019,13:24,Cash,5.5
864-24-7918,A,Nueva York,Member,Female,Sports and travel,244.9,257.145,2/22/2019,15:15,Cash,8.1
359-94-5395,B,Chicago,Normal,Male,Health and beauty,92.78,97.419,3/15/2019,10:50,Credit card,9.8
401-09-4232,C,Houston,Member,Male,Home and lifestyle,433.45,455.1225,02/11/2019,18:38,Ewallet,9.4
751-15-6198,B,Chicago,Normal,Male,Sports and travel,138.06,144.963,01/12/2019,16:45,Ewallet,7.9
324-41-6833,C,Houston,Member,Female,Electronic accessories,241.6,253.68,03/03/2019,19:30,Ewallet,5.1
474-33-8305,C,Houston,Member,Male,Fashion accessories,471.73,495.3165,3/23/2019,13:23,Ewallet,6.9
759-29-9521,A,Nueva York,Member,Female,Fashion accessories,440.64,462.672,03/04/2019,11:27,Cash,8
831-81-6575,B,Chicago,Member,Female,Electronic accessories,680.31,714.3255,2/23/2019,11:12,Cash,8
220-68-6701,A,Nueva York,Normal,Female,Home and lifestyle,309.88,325.374,3/17/2019,16:36,Cash,4.2
618-34-8551,A,Nueva York,Normal,Female,Sports and travel,186.36,195.678,1/16/2019,18:41,Credit card,8.5
257-60-7754,A,Nueva York,Normal,Female,Electronic accessories,200.92,210.966,01/08/2019,17:12,Cash,9
559-61-5987,B,Chicago,Normal,Female,Health and beauty,17.75,18.6375,1/14/2019,10:38,Cash,8.6
189-55-2313,C,Houston,Normal,Female,Fashion accessories,621.8,652.89,1/31/2019,10:33,Ewallet,6
565-91-4567,B,Chicago,Normal,Male,Health and beauty,86,90.3,3/15/2019,14:38,Ewallet,6.2
380-60-5336,A,Nueva York,Normal,Female,Electronic accessories,402.6,422.73,2/24/2019,18:06,Credit card,5
815-04-6282,C,Houston,Member,Female,Sports and travel,324.85,341.0925,02/08/2019,12:52,Credit card,6.5
674-56-6360,A,Nueva York,Normal,Male,Electronic accessories,95.15,99.9075,3/22/2019,14:00,Cash,6
778-34-2523,A,Nueva York,Member,Female,Electronic accessories,388.96,408.408,1/24/2019,10:57,Cash,5
499-27-7781,B,Chicago,Normal,Female,Food and beverages,425.68,446.964,3/14/2019,16:45,Ewallet,5
477-59-2456,C,Houston,Normal,Female,Fashion accessories,318.08,333.984,1/23/2019,11:15,Cash,9.2
832-51-6761,A,Nueva York,Normal,Male,Food and beverages,271.04,284.592,1/19/2019,20:29,Ewallet,9.6
869-11-3082,B,Chicago,Member,Male,Health and beauty,384.64,403.872,1/27/2019,20:03,Credit card,8.4
190-59-3964,B,Chicago,Member,Male,Food and beverages,235.8,247.59,02/03/2019,14:35,Credit card,6
366-43-6862,B,Chicago,Normal,Male,Electronic accessories,211.56,222.138,3/25/2019,16:32,Ewallet,6.7
186-43-8965,A,Nueva York,Member,Female,Home and lifestyle,95.36,100.128,2/24/2019,10:10,Credit card,4.1
784-21-9238,C,Houston,Member,Male,Sports and travel,10.17,10.6785,02/07/2019,14:15,Cash,5.9
276-75-6884,A,Nueva York,Normal,Female,Health and beauty,206.13,216.4365,03/04/2019,10:05,Cash,8.7
109-86-4363,B,Chicago,Member,Female,Sports and travel,420.56,441.588,2/14/2019,11:36,Credit card,4.5
569-76-2760,A,Nueva York,Member,Female,Sports and travel,88.04,92.442,1/29/2019,18:15,Credit card,6.6
222-42-0244,B,Chicago,Member,Female,Health and beauty,648.99,681.4395,1/28/2019,13:53,Credit card,7.7
760-53-9233,A,Nueva York,Member,Male,Fashion accessories,123.84,130.032,3/26/2019,18:37,Credit card,8.5
538-22-0304,C,Houston,Normal,Male,Electronic accessories,649.5,681.975,3/24/2019,18:27,Cash,5.2
416-17-9926,A,Nueva York,Member,Female,Electronic accessories,742.2,779.31,01/01/2019,14:42,Credit card,4.3
237-44-6163,A,Nueva York,Normal,Male,Electronic accessories,84.48,88.704,1/24/2019,17:43,Cash,7.6
636-17-0325,B,Chicago,Normal,Male,Health and beauty,250.28,262.794,2/25/2019,18:37,Cash,9.5
343-75-9322,B,Chicago,Member,Female,Sports and travel,94.8,99.54,01/09/2019,16:34,Cash,4.1
528-14-9470,A,Nueva York,Member,Male,Health and beauty,91.3,95.865,2/14/2019,14:42,Ewallet,9.2
427-45-9297,B,Chicago,Member,Female,Home and lifestyle,285.11,299.3655,03/12/2019,11:01,Ewallet,5.4
807-34-3742,A,Nueva York,Normal,Male,Fashion accessories,52.38,54.999,3/26/2019,19:44,Cash,5.8
288-62-1085,A,Nueva York,Member,Male,Fashion accessories,192.7,202.335,01/09/2019,13:34,Ewallet,5.6
670-71-7306,B,Chicago,Normal,Male,Sports and travel,267.78,281.169,01/02/2019,20:08,Credit card,5.1
660-29-7083,C,Houston,Normal,Male,Electronic accessories,558.7,586.635,1/15/2019,15:01,Cash,5.8
271-77-8740,C,Houston,Member,Female,Sports and travel,175.32,184.086,01/01/2019,11:40,Ewallet,5
497-36-0989,A,Nueva York,Normal,Male,Fashion accessories,155.82,163.611,2/15/2019,15:21,Cash,7.9
291-59-1384,B,Chicago,Normal,Male,Electronic accessories,60.3,63.315,2/28/2019,17:38,Cash,6
860-73-6466,A,Nueva York,Member,Female,Sports and travel,78.94,82.887,03/02/2019,16:16,Credit card,5
549-23-9016,C,Houston,Member,Female,Food and beverages,29.74,31.227,2/13/2019,18:15,Credit card,8.9
896-34-0956,A,Nueva York,Normal,Male,Fashion accessories,21.32,22.386,1/26/2019,12:43,Cash,5.9
804-38-3935,A,Nueva York,Member,Male,Electronic accessories,281.34,295.407,1/30/2019,11:32,Credit card,5.9
585-90-0249,A,Nueva York,Member,Male,Electronic accessories,73.26,76.923,1/27/2019,18:08,Ewallet,9.7
862-29-5914,C,Houston,Normal,Female,Sports and travel,22.38,23.499,1/30/2019,17:08,Credit card,8.6
845-94-6841,C,Houston,Member,Female,Food and beverages,655.92,688.716,01/08/2019,19:38,Cash,4
125-45-2293,A,Nueva York,Normal,Female,Fashion accessories,594.6,624.33,1/19/2019,13:11,Cash,4.2
843-73-4724,A,Nueva York,Normal,Male,Fashion accessories,74.1,77.805,1/25/2019,11:05,Cash,9.2
409-33-9708,A,Nueva York,Normal,Female,Fashion accessories,196.96,206.808,2/19/2019,10:12,Ewallet,9.2
658-66-3967,C,Houston,Normal,Male,Health and beauty,372.33,390.9465,1/14/2019,15:42,Ewallet,5
866-70-2814,B,Chicago,Normal,Female,Electronic accessories,527.9,554.295,2/25/2019,11:58,Ewallet,10
160-22-2687,A,Nueva York,Member,Female,Health and beauty,479.75,503.7375,1/23/2019,14:21,Ewallet,8.8
895-03-6665,B,Chicago,Normal,Female,Fashion accessories,328.59,345.0195,2/16/2019,10:52,Cash,4.2
770-42-8960,B,Chicago,Normal,Male,Food and beverages,168.96,177.408,01/01/2019,19:31,Cash,6.3
748-45-2862,A,Nueva York,Member,Female,Home and lifestyle,113.24,118.902,03/07/2019,18:35,Cash,8.2
234-36-2483,B,Chicago,Normal,Male,Health and beauty,345.54,362.817,2/15/2019,13:51,Cash,5.1
316-66-3011,A,Nueva York,Member,Female,Food and beverages,428.67,450.1035,1/23/2019,12:35,Cash,5
848-95-6252,C,Houston,Member,Female,Home and lifestyle,86.27,90.5835,2/20/2019,13:24,Ewallet,7
840-76-5966,A,Nueva York,Member,Male,Sports and travel,25.52,26.796,01/08/2019,18:06,Ewallet,7.8
152-03-4217,B,Chicago,Normal,Female,Home and lifestyle,101.52,106.596,3/17/2019,11:55,Credit card,4.3
533-66-5566,B,Chicago,Normal,Female,Home and lifestyle,357.49,375.3645,01/12/2019,11:42,Cash,7
124-31-1458,A,Nueva York,Member,Female,Electronic accessories,238.77,250.7085,01/08/2019,14:30,Cash,6.6
176-78-1170,C,Houston,Member,Male,Health and beauty,101.43,106.5015,1/26/2019,15:11,Ewallet,7.3
361-59-0574,B,Chicago,Member,Male,Sports and travel,724.24,760.452,3/15/2019,14:48,Credit card,6.5
101-81-4070,C,Houston,Member,Female,Health and beauty,125.64,131.922,1/17/2019,12:36,Ewallet,4.9
631-34-1880,C,Houston,Member,Male,Food and beverages,72.93,76.5765,01/08/2019,19:09,Credit card,4.3
852-82-2749,A,Nueva York,Normal,Male,Sports and travel,258.36,271.278,01/06/2019,13:35,Ewallet,9.3
873-14-6353,A,Nueva York,Member,Male,Food and beverages,173.74,182.427,2/16/2019,10:33,Credit card,7.1
584-66-4073,C,Houston,Normal,Male,Fashion accessories,56.5,59.325,3/13/2019,15:45,Ewallet,9.6
544-55-9589,B,Chicago,Member,Female,Electronic accessories,214.3,225.015,1/28/2019,11:51,Cash,6.2
166-19-2553,A,Nueva York,Member,Male,Sports and travel,534.36,561.078,1/18/2019,17:26,Cash,9.9
737-88-5876,A,Nueva York,Member,Male,Home and lifestyle,93.16,97.818,3/19/2019,11:52,Credit card,5.9
154-87-7367,C,Houston,Normal,Male,Home and lifestyle,522.08,548.184,3/15/2019,14:04,Ewallet,6.3
885-56-0389,C,Houston,Member,Male,Fashion accessories,52.35,54.9675,02/12/2019,17:49,Cash,4
608-05-3804,B,Chicago,Member,Male,Electronic accessories,39.75,41.7375,2/25/2019,20:19,Cash,6.1
448-61-3783,A,Nueva York,Normal,Female,Electronic accessories,720.16,756.168,3/21/2019,16:08,Credit card,4.5
761-49-0439,B,Chicago,Member,Female,Electronic accessories,96.8,101.64,1/19/2019,10:17,Ewallet,8.6
490-95-0021,B,Chicago,Member,Female,Food and beverages,332.1,348.705,01/08/2019,14:25,Ewallet,6
115-38-7388,C,Houston,Member,Female,Fashion accessories,81.44,85.512,3/30/2019,12:51,Credit card,9.5
311-13-6971,B,Chicago,Member,Male,Sports and travel,319.9,335.895,2/20/2019,15:18,Credit card,9.9
291-55-6563,A,Nueva York,Member,Female,Home and lifestyle,206.52,216.846,3/30/2019,12:45,Ewallet,7.5
548-48-3156,A,Nueva York,Member,Female,Food and beverages,166.68,175.014,3/19/2019,13:37,Cash,7.6
460-93-5834,A,Nueva York,Normal,Male,Sports and travel,319.06,335.013,1/13/2019,10:03,Cash,5
325-89-4209,A,Nueva York,Member,Male,Food and beverages,87.9,92.295,02/05/2019,19:42,Ewallet,6.7
884-80-6021,A,Nueva York,Member,Female,Electronic accessories,734.7,771.435,3/23/2019,13:14,Ewallet,9.5
137-74-8729,C,Houston,Normal,Female,Fashion accessories,97.52,102.396,3/13/2019,12:47,Ewallet,6.8
880-46-5796,A,Nueva York,Member,Male,Sports and travel,769.2,807.66,3/17/2019,19:53,Ewallet,5.6
389-70-2397,C,Houston,Normal,Female,Health and beauty,418.3,439.215,2/21/2019,10:26,Cash,7.2
114-35-5271,B,Chicago,Normal,Female,Electronic accessories,463.28,486.444,02/07/2019,15:06,Cash,8.1
607-76-6216,C,Houston,Member,Female,Fashion accessories,462.45,485.5725,03/02/2019,16:35,Credit card,8.6
715-20-1673,B,Chicago,Normal,Male,Electronic accessories,141.9,148.995,03/06/2019,20:57,Cash,9.4
811-35-1094,B,Chicago,Member,Male,Electronic accessories,302.7,317.835,02/06/2019,15:16,Credit card,8.9
699-88-1972,B,Chicago,Normal,Male,Health and beauty,793.28,832.944,1/28/2019,17:47,Credit card,4.2
781-84-8059,C,Houston,Normal,Male,Fashion accessories,425.18,446.439,1/18/2019,16:23,Ewallet,5
409-49-6995,C,Houston,Member,Female,Food and beverages,283.62,297.801,02/05/2019,10:17,Cash,8.8
725-54-0677,C,Houston,Member,Male,Health and beauty,599.2,629.16,03/02/2019,13:50,Cash,5.3
146-09-5432,A,Nueva York,Member,Male,Food and beverages,315.36,331.128,02/09/2019,19:17,Ewallet,4.6
377-79-7592,C,Houston,Member,Female,Electronic accessories,403.56,423.738,1/14/2019,14:00,Credit card,7.5
509-10-0516,B,Chicago,Normal,Male,Home and lifestyle,183.88,193.074,02/09/2019,12:02,Ewallet,5.1
595-94-9924,A,Nueva York,Member,Female,Health and beauty,138.65,145.5825,3/26/2019,20:21,Credit card,4.2
865-41-9075,A,Nueva York,Normal,Male,Food and beverages,80.71,84.7455,1/28/2019,17:35,Cash,8.1
545-07-8534,C,Houston,Normal,Female,Health and beauty,116.64,122.472,2/14/2019,12:42,Ewallet,6
118-62-1812,C,Houston,Member,Female,Home and lifestyle,313.52,329.196,3/24/2019,17:56,Cash,7.9
450-42-3339,C,Houston,Normal,Male,Health and beauty,846.1,888.405,02/09/2019,18:58,Credit card,8.8
851-98-3555,B,Chicago,Normal,Female,Health and beauty,414.4,435.12,3/24/2019,14:08,Credit card,6.6
186-71-5196,A,Nueva York,Member,Female,Food and beverages,159.08,167.034,3/27/2019,16:30,Ewallet,6.2
624-01-8356,B,Chicago,Normal,Female,Home and lifestyle,490.1,514.605,1/27/2019,10:44,Credit card,4.2
313-66-9943,B,Chicago,Member,Female,Food and beverages,87.45,91.8225,3/27/2019,20:29,Credit card,7.3
151-27-8496,C,Houston,Normal,Female,Electronic accessories,224.52,235.746,1/19/2019,11:43,Ewallet,8.6
453-33-6436,A,Nueva York,Normal,Female,Home and lifestyle,744.96,782.208,02/07/2019,10:09,Cash,6.8
522-57-8364,A,Nueva York,Member,Male,Fashion accessories,410.72,431.256,1/31/2019,10:00,Ewallet,7.6
459-45-2396,A,Nueva York,Member,Female,Food and beverages,298.8,313.74,2/25/2019,18:45,Cash,5.8
717-96-4189,C,Houston,Normal,Female,Electronic accessories,212.94,223.587,02/02/2019,12:40,Cash,4.1
722-13-2115,C,Houston,Member,Male,Sports and travel,42.85,44.9925,3/14/2019,15:36,Credit card,9.3
749-81-8133,A,Nueva York,Normal,Female,Fashion accessories,378.68,397.614,03/11/2019,12:04,Cash,6.8
777-67-2495,B,Chicago,Normal,Male,Home and lifestyle,206.91,217.2555,2/22/2019,11:26,Ewallet,8.7
636-98-3364,B,Chicago,Member,Female,Electronic accessories,78.78,82.719,03/02/2019,12:36,Ewallet,6.3
246-55-6923,C,Houston,Member,Female,Home and lifestyle,322.11,338.2155,03/10/2019,15:06,Credit card,5.1
181-82-6255,B,Chicago,Normal,Female,Home and lifestyle,98.22,103.131,02/08/2019,10:58,Cash,7
838-02-1821,C,Houston,Member,Female,Home and lifestyle,25.46,26.733,2/22/2019,12:10,Credit card,5.2
887-42-0517,C,Houston,Normal,Female,Sports and travel,581.98,611.079,01/10/2019,10:31,Credit card,6.6
457-12-0244,C,Houston,Member,Female,Sports and travel,211.32,221.886,3/14/2019,13:49,Ewallet,6.5
226-34-0034,B,Chicago,Normal,Female,Electronic accessories,55.12,57.876,01/10/2019,11:10,Ewallet,9
321-49-7382,B,Chicago,Member,Male,Sports and travel,88.31,92.7255,2/15/2019,17:38,Credit card,5.2
397-25-8725,A,Nueva York,Member,Female,Health and beauty,356.58,374.409,1/13/2019,17:54,Credit card,6.8
431-66-2305,B,Chicago,Normal,Female,Electronic accessories,794.25,833.9625,2/15/2019,20:51,Credit card,7.6
825-94-5922,B,Chicago,Normal,Male,Sports and travel,50.62,53.151,03/02/2019,19:26,Ewallet,7.2
641-62-7288,B,Chicago,Normal,Male,Home and lifestyle,599.52,629.496,3/24/2019,13:33,Ewallet,7.1
756-93-1854,C,Houston,Member,Female,Fashion accessories,166.7,175.035,02/02/2019,14:05,Credit card,9.5
243-55-8457,A,Nueva York,Normal,Female,Food and beverages,744.4,781.62,2/27/2019,11:40,Ewallet,5.1
458-10-8612,C,Houston,Normal,Male,Health and beauty,448.56,470.988,1/20/2019,12:27,Ewallet,7.6
501-61-1753,B,Chicago,Normal,Female,Home and lifestyle,378.9,397.845,01/03/2019,20:24,Ewallet,9.8
235-06-8510,C,Houston,Member,Male,Home and lifestyle,257.16,270.018,1/24/2019,20:59,Ewallet,5.1
433-08-7822,C,Houston,Normal,Female,Health and beauty,552.23,579.8415,01/05/2019,19:48,Ewallet,7.5
361-85-2571,A,Nueva York,Normal,Female,Sports and travel,447.4,469.77,3/30/2019,10:18,Cash,7.4
131-70-8179,A,Nueva York,Member,Female,Health and beauty,276.27,290.0835,2/17/2019,16:27,Cash,4.2
500-02-2261,C,Houston,Normal,Female,Food and beverages,343.74,360.927,3/21/2019,17:04,Ewallet,5.9
720-72-2436,A,Nueva York,Normal,Male,Food and beverages,266.08,279.384,03/02/2019,18:14,Ewallet,6.9
702-83-5291,C,Houston,Member,Male,Fashion accessories,898.38,943.299,3/27/2019,10:43,Cash,6.6
809-69-9497,A,Nueva York,Normal,Female,Home and lifestyle,456.8,479.64,1/19/2019,19:30,Ewallet,5.7
449-16-6770,A,Nueva York,Normal,Male,Health and beauty,253.95,266.6475,2/19/2019,14:53,Credit card,5.3
333-23-2632,A,Nueva York,Member,Male,Health and beauty,70.56,74.088,3/28/2019,20:14,Cash,4.2
489-82-1237,A,Nueva York,Normal,Female,Electronic accessories,657.16,690.018,01/05/2019,11:51,Credit card,7.3
859-97-6048,C,Houston,Member,Male,Electronic accessories,168.5,176.925,3/26/2019,14:13,Credit card,5.3
676-10-2200,B,Chicago,Member,Male,Fashion accessories,53.78,56.469,02/03/2019,20:13,Ewallet,4.7
373-88-1424,C,Houston,Member,Male,Home and lifestyle,179.05,188.0025,02/06/2019,18:44,Ewallet,7.9
365-16-4334,B,Chicago,Normal,Female,Food and beverages,211.44,222.012,2/24/2019,14:26,Ewallet,8.9
503-21-4385,B,Chicago,Member,Male,Health and beauty,119.73,125.7165,2/21/2019,12:40,Ewallet,9.3
305-89-2768,B,Chicago,Member,Female,Home and lifestyle,65.7,68.985,01/09/2019,18:43,Ewallet,4.7
574-80-1489,B,Chicago,Member,Female,Food and beverages,251.4,263.97,2/25/2019,13:22,Ewallet,8.7
784-08-0310,C,Houston,Member,Female,Food and beverages,84.16,88.368,1/13/2019,13:58,Cash,7.6
200-40-6154,B,Chicago,Member,Male,Home and lifestyle,395.46,415.233,02/09/2019,11:45,Cash,5.7
846-10-0341,A,Nueva York,Normal,Female,Fashion accessories,297.99,312.8895,01/06/2019,11:51,Cash,6.8
577-34-7579,C,Houston,Member,Male,Food and beverages,454.41,477.1305,01/10/2019,17:16,Cash,5.4
430-02-3888,B,Chicago,Normal,Male,Electronic accessories,276.12,289.926,02/07/2019,15:55,Cash,7.1
867-47-1948,C,Houston,Normal,Female,Home and lifestyle,158,165.9,01/09/2019,12:07,Cash,7.8
384-59-6655,A,Nueva York,Member,Female,Food and beverages,887.94,932.337,2/19/2019,15:07,Cash,8.4
256-58-3609,C,Houston,Member,Male,Fashion accessories,91.98,96.579,3/18/2019,15:29,Cash,9.8
324-92-3863,A,Nueva York,Member,Male,Electronic accessories,41.78,43.869,02/05/2019,18:45,Cash,9.8
593-08-5916,A,Nueva York,Normal,Female,Fashion accessories,15.5,16.275,3/19/2019,15:23,Credit card,7.4
364-34-2972,C,Houston,Member,Male,Electronic accessories,290.46,304.983,3/30/2019,20:37,Cash,6.7
794-42-3736,B,Chicago,Normal,Male,Food and beverages,66.66,69.993,1/26/2019,14:41,Credit card,6.4
172-42-8274,B,Chicago,Normal,Female,Electronic accessories,76.54,80.367,03/02/2019,18:18,Credit card,5.8
558-60-5016,A,Nueva York,Normal,Female,Home and lifestyle,299.7,314.685,03/04/2019,15:27,Ewallet,7.2
195-06-0432,A,Nueva York,Member,Male,Home and lifestyle,243.03,255.1815,1/13/2019,12:55,Credit card,9.3
605-03-2706,A,Nueva York,Normal,Female,Health and beauty,47.4,49.77,3/25/2019,18:02,Cash,9.5
214-30-2776,B,Chicago,Member,Female,Electronic accessories,172.45,181.0725,03/11/2019,19:44,Credit card,9
746-04-1077,B,Chicago,Member,Female,Food and beverages,846.3,888.615,01/01/2019,11:36,Credit card,9
448-34-8700,B,Chicago,Member,Male,Home and lifestyle,258.37,271.2885,02/10/2019,13:51,Ewallet,6.7
452-04-8808,B,Chicago,Normal,Male,Electronic accessories,609.56,640.038,1/26/2019,15:17,Cash,5.5
531-56-4728,A,Nueva York,Normal,Male,Home and lifestyle,240.24,252.252,02/11/2019,15:29,Cash,5.4
744-82-9138,C,Houston,Normal,Male,Fashion accessories,172.26,180.873,02/07/2019,17:59,Cash,8.2
883-69-1285,B,Chicago,Member,Male,Fashion accessories,99.84,104.832,03/06/2019,11:55,Credit card,7
221-25-5073,A,Nueva York,Normal,Female,Food and beverages,298.64,313.572,03/04/2019,10:39,Cash,8.5
518-71-6847,B,Chicago,Member,Male,Food and beverages,159.6,167.58,2/26/2019,15:10,Ewallet,4.9
156-20-0370,B,Chicago,Normal,Female,Electronic accessories,25.45,26.7225,03/10/2019,18:10,Credit card,5.1
151-33-7434,B,Chicago,Normal,Female,Food and beverages,67.77,71.1585,02/04/2019,20:43,Credit card,6.5
728-47-9078,C,Houston,Member,Male,Food and beverages,238.36,250.278,1/19/2019,12:46,Cash,9.8
809-46-1866,A,Nueva York,Normal,Male,Health and beauty,232.6,244.23,1/23/2019,17:44,Cash,8.4
139-32-4183,A,Nueva York,Member,Female,Sports and travel,877.32,921.186,3/14/2019,14:19,Ewallet,7.4
148-41-7930,C,Houston,Normal,Male,Health and beauty,699.72,734.706,1/23/2019,10:33,Cash,6.1
189-40-5216,C,Houston,Normal,Male,Electronic accessories,674.59,708.3195,01/09/2019,11:40,Cash,6
374-38-5555,B,Chicago,Normal,Female,Fashion accessories,318.55,334.4775,02/07/2019,19:30,Ewallet,8.5
764-44-8999,B,Chicago,Normal,Female,Health and beauty,29.52,30.996,2/18/2019,14:42,Ewallet,4.3
552-44-5977,B,Chicago,Member,Male,Health and beauty,496,520.8,01/03/2019,19:08,Credit card,6.2
267-62-7380,C,Houston,Member,Male,Electronic accessories,823.4,864.57,3/29/2019,19:12,Ewallet,4.3
430-53-4718,B,Chicago,Member,Male,Health and beauty,602.96,633.108,1/28/2019,15:46,Credit card,8.4
886-18-2897,A,Nueva York,Normal,Female,Food and beverages,282.8,296.94,3/22/2019,19:06,Credit card,4.5
602-16-6955,B,Chicago,Normal,Female,Sports and travel,766,804.3,1/24/2019,18:10,Ewallet,6
745-74-0715,A,Nueva York,Normal,Male,Electronic accessories,116.06,121.863,03/10/2019,20:46,Ewallet,8.8
690-01-6631,B,Chicago,Normal,Male,Fashion accessories,174.9,183.645,2/22/2019,18:35,Ewallet,6.6
652-49-6720,C,Houston,Member,Female,Electronic accessories,60.95,63.9975,2/18/2019,11:40,Ewallet,5.9
233-67-5758,C,Houston,Normal,Male,Health and beauty,40.35,42.3675,1/29/2019,13:46,Ewallet,6.2
303-96-2227,B,Chicago,Normal,Female,Home and lifestyle,973.8,1022.49,03/02/2019,17:16,Ewallet,4.4
727-02-1313,A,Nueva York,Member,Male,Food and beverages,31.84,33.432,02/09/2019,13:22,Cash,7.7
347-56-2442,A,Nueva York,Normal,Male,Home and lifestyle,65.82,69.111,2/22/2019,15:33,Cash,4.1
849-09-3807,A,Nueva York,Member,Female,Fashion accessories,618.38,649.299,2/18/2019,13:28,Cash,6.6
